{"stats":{"minecraft:mined":{"minecraft:dark_oak_planks":7,"minecraft:brown_mushroom":5,"dynamictrees:dark_oak_sapling":1,"minecraft:dark_oak_leaves":1,"minecraft:powder_snow":4,"minecraft:glow_lichen":1,"minecraft:crafting_table":2,"minecraft:cornflower":1,"gravestone:gravestone":2,"minecraft:grass_block":9,"minecraft:rose_bush":3,"minecraft:tall_grass":1,"minecraft:copper_ore":7,"minecraft:cobblestone":2,"minecraft:spruce_leaves":15,"mcwbridges:dark_oak_log_bridge_middle":8,"minecraft:oak_planks":15,"minecraft:sugar_cane":8,"minecraft:air":6,"minecraft:large_fern":6,"minecraft:furnace":1,"dynamictrees:dark_oak_leaves":34,"minecraft:birch_log":49,"minecraft:iron_ore":2,"minecraft:sweet_berry_bush":5,"minecraft:spruce_log":5,"minecraft:birch_leaves":8,"dynamictrees:dark_oak_root":3,"dynamictrees:spruce_leaves":1,"minecraft:azure_bluet":2,"minecraft:grass":5,"dynamictrees:dark_oak_branch":1,"minecraft:oak_log":128,"minecraft:coal_ore":19,"minecraft:dirt":10,"minecraft:stone":29,"minecraft:oak_leaves":24,"minecraft:fern":2},"minecraft:picked_up":{"minecraft:birch_log":100,"minecraft:crafting_table":3,"minecraft:azure_bluet":2,"minecraft:salmon":1,"minecraft:brown_mushroom":5,"minecraft:wooden_pickaxe":1,"minecraft:oak_log":127,"mcwbridges:dark_oak_log_bridge_middle":9,"minecraft:cornflower":1,"minecraft:dirt":18,"minecraft:raw_copper":54,"minecraft:cooked_salmon":2,"minecraft:cooked_mutton":2,"minecraft:apple":3,"dynamictrees:dark_oak_seed":11,"minecraft:wheat_seeds":1,"minecraft:stone_pickaxe":1,"minecraft:beef":1,"minecraft:rose_bush":3,"minecraft:oak_boat":1,"minecraft:sugar_cane":23,"minecraft:birch_sapling":38,"minecraft:oak_planks":69,"minecraft:furnace":2,"minecraft:stick":64,"minecraft:raw_iron":2,"minecraft:sweet_berries":13,"minecraft:porkchop":12,"minecraft:spruce_log":5,"minecraft:dark_oak_log":51,"minecraft:dark_oak_planks":7,"minecraft:stone_sword":1,"minecraft:arrow":2,"minecraft:rotten_flesh":2,"minecraft:stone_axe":2,"minecraft:bone_meal":1,"minecraft:gray_wool":1,"minecraft:golden_horse_armor":1,"minecraft:oak_sapling":70,"minecraft:mutton":7,"minecraft:coal":20,"minecraft:white_wool":5,"minecraft:cobblestone":40},"minecraft:killed":{"minecraft:pig":7,"minecraft:salmon":2,"minecraft:spider":1,"minecraft:sheep":4,"minecraft:cow":1},"minecraft:used":{"minecraft:cooked_mutton":3,"minecraft:stone_sword":99,"minecraft:stone_pickaxe":50,"minecraft:oak_planks":198,"minecraft:wooden_pickaxe":16,"minecraft:cooked_salmon":5,"minecraft:torch":26,"minecraft:dirt":6,"minecraft:crafting_table":3,"minecraft:red_bed":1,"mcwbridges:dark_oak_log_bridge_middle":8,"minecraft:oak_log":4,"minecraft:dark_oak_planks":211,"minecraft:wooden_axe":58,"minecraft:apple":3,"minecraft:stone_axe":179,"minecraft:cobblestone":12,"minecraft:sweet_berries":12,"minecraft:furnace":3,"minecraft:oak_sapling":2,"minecraft:oak_boat":2},"minecraft:killed_by":{"minecraft:skeleton":4},"minecraft:crafted":{"minecraft:red_dye":6,"minecraft:oak_planks":260,"minecraft:crafting_table":1,"minecraft:wooden_pickaxe":1,"minecraft:red_bed":1,"minecraft:furnace":2,"minecraft:cooked_salmon":7,"minecraft:birch_planks":20,"minecraft:stone_axe":2,"minecraft:cooked_mutton":1,"minecraft:air":0,"minecraft:oak_boat":1,"minecraft:charcoal":19,"minecraft:stick":4,"minecraft:stone_pickaxe":1,"minecraft:wooden_axe":2,"minecraft:stone_sword":1,"minecraft:white_bed":1,"minecraft:dark_oak_planks":204,"minecraft:torch":76},"minecraft:broken":{"minecraft:stone_axe":1},"minecraft:dropped":{"minecraft:stone_axe":1,"minecraft:birch_sapling":30,"minecraft:torch":32,"minecraft:oak_sapling":34,"gravestone:obituary":1},"minecraft:custom":{"minecraft:interact_with_furnace":13,"minecraft:mob_kills":15,"minecraft:interact_with_crafting_table":14,"minecraft:leave_game":2,"minecraft:time_since_death":24700,"minecraft:sleep_in_bed":1,"minecraft:time_since_rest":12090,"minecraft:sprint_one_cm":275297,"minecraft:damage_taken":2188,"minecraft:walk_one_cm":190304,"minecraft:drop":6,"minecraft:damage_dealt":1907,"minecraft:swim_one_cm":13753,"minecraft:fly_one_cm":221569,"minecraft:player_kills":1,"minecraft:open_chest":2,"minecraft:crouch_one_cm":9562,"minecraft:play_time":88856,"minecraft:deaths":6,"minecraft:sneak_time":2551,"minecraft:walk_under_water_one_cm":1578,"minecraft:boat_one_cm":228872,"minecraft:jump":1692,"minecraft:walk_on_water_one_cm":2877,"minecraft:total_world_time":88856,"minecraft:fall_one_cm":39963}},"DataVersion":3465}