{"stats":{"minecraft:crafted":{"minecraft:brick":12,"minecraft:oak_planks":260,"mekanism:free_runners":1,"mekanism:block_steel":3,"pipez:universal_pipe":6,"projecte:klein_star_drei":1,"mekanism:ingot_osmium":11,"minecraft:cooked_chicken":2,"mekanism:atomic_disassembler":1,"projecte:gem_boots":1,"pipez:item_pipe":16,"mekanism:free_runners_armored":1,"projecte:high_covalence_dust":40,"projecte:repair_talisman":2,"projecte:gem_helmet":1,"minecraft:bookshelf":21,"ironfurnaces:diamond_furnace":1,"pipez:fluid_pipe":16,"minecraft:cooked_mutton":1,"projecte:dark_matter_block":6,"minecraft:glass":3,"minecraft:diamond_helmet":2,"minecraft:diamond_leggings":1,"minecraft:iron_boots":1,"minecraft:chest":3,"minecraft:stone_hoe":1,"minecraft:ender_eye":1,"projecte:evertide_amulet":2,"projecte:body_stone":1,"projecte:dark_matter":2,"minecraft:dropper":2,"mekanism:ingot_tin":17,"minecraft:deepslate":8,"minecraft:wooden_shovel":1,"projecte:dm_helmet":2,"projecte:red_matter":1,"minecraft:crafting_table":3,"minecraft:wooden_pickaxe":1,"minecraft:iron_helmet":1,"projecte:black_hole_band":1,"minecraft:red_wool":3,"minecraft:clock":1,"minecraft:copper_ingot":63,"projecte:soul_stone":2,"minecraft:gold_block":1,"minecraft:birch_planks":380,"mekanism:electric_bow":1,"mekanism:ingot_lead":10,"minecraft:book":2,"minecraft:iron_chestplate":1,"minecraft:paper":69,"minecraft:charcoal":20,"minecraft:shield":1,"ironfurnaces:crystal_furnace":1,"minecraft:stick":24,"minecraft:iron_ingot":79,"projecte:klein_star_ein":1,"minecraft:iron_pickaxe":3,"projecte:medium_covalence_dust":40,"minecraft:iron_block":3,"minecraft:stone_sword":1,"minecraft:gold_ingot":16,"projecte:gem_chestplate":1,"projecte:dm_leggings":1,"mekanism:basic_universal_cable":8,"mekanism:basic_chemical_tank":3,"minecraft:furnace":3,"projecte:rm_leggings":1,"mekanism:ingot_uranium":3,"projecte:gem_leggings":1,"mekanism:jetpack_armored":2,"minecraft:flint_and_steel":1,"mekanism:jetpack":1,"minecraft:diamond_block":3,"mekanism:ingot_bronze":0,"projecte:aeternalis_fuel":1,"minecraft:iron_axe":1,"projecte:relay_mk1":1,"projecte:relay_mk2":1,"minecraft:iron_hoe":1,"minecraft:stone_pickaxe":3,"mekanismgenerators:advanced_solar_generator":1,"minecraft:diamond_boots":1,"projecte:watch_of_flowing_time":1,"projecte:klein_star_vier":1,"minecraft:redstone_block":7,"minecraft:dark_oak_planks":440,"projecte:volcanite_amulet":1,"projecte:klein_star_omega":2,"minecraft:cooked_beef":7,"minecraft:red_dye":6,"minecraft:diamond_sword":2,"minecraft:enchanting_table":1,"projecte:dm_pedestal":2,"pipez:energy_pipe":16,"minecraft:iron_sword":1,"minecraft:red_bed":2,"minecraft:cooked_salmon":7,"projecte:dm_sword":1,"mekanism:flamethrower":1,"minecraft:bucket":2,"projecte:klein_star_sphere":1,"projecte:rm_helmet":2,"minecraft:stone_axe":2,"minecraft:glowstone":7,"mekanism:scuba_tank":1,"projecte:dm_chestplate":1,"projecte:low_covalence_dust":40,"minecraft:bread":5,"minecraft:air":0,"projecte:relay_mk3":1,"minecraft:oak_boat":1,"projecte:dm_boots":1,"projecte:klein_star_zwei":2,"projecte:iron_band":1,"minecraft:wooden_axe":2,"minecraft:iron_shovel":1,"projecte:rm_chestplate":1,"minecraft:iron_leggings":1,"mekanism:advanced_control_circuit":1,"minecraft:anvil":1,"minecraft:white_bed":1,"projecte:rm_boots":1,"minecraft:torch":196,"projecte:rm_sword":1,"minecraft:diamond_chestplate":1},"minecraft:dropped":{"minecraft:iron_sword":1,"mekanism:jetpack":1,"minecraft:moss_block":3,"projecte:swiftwolf_rending_gale":2,"minecraft:lapis_lazuli":66,"mekanism:ingot_tin":1,"minecraft:glow_ink_sac":1,"minecraft:ender_pearl":1,"mekanism:atomic_disassembler":5,"minecraft:leather":2,"minecraft:gold_block":1,"minecraft:dirt":343,"gravestone:obituary":38,"minecraft:bone_meal":3,"minecraft:iron_pickaxe":2,"minecraft:birch_log":22,"minecraft:gold_ingot":49,"minecraft:gravel":77,"minecraft:stone_axe":2,"mekanism:ingot_osmium":6,"minecraft:sugar_cane":2,"minecraft:cobbled_deepslate":524,"mekanism:jetpack_armored":1,"minecraft:birch_sapling":30,"minecraft:rotten_flesh":10,"rftoolsbase:dimensionalshard":9,"minecraft:cooked_mutton":13,"mekanism:basic_universal_cable":1,"projecte:mind_stone":1,"minecraft:glowstone":3,"projecte:watch_of_flowing_time":1,"minecraft:arrow":1,"mekanism:alloy_atomic":1,"minecraft:glass":66,"minecraft:stone_hoe":2,"minecraft:enchanted_book":6,"minecraft:iron_ingot":8,"minecraft:bread":1,"minecraft:wheat_seeds":64,"minecraft:golden_horse_armor":1,"minecraft:feather":40,"minecraft:cobblestone":1304,"minecraft:book":64,"mekanism:flamethrower":1,"projecte:collector_mk2":3,"minecraft:granite":14,"minecraft:stick":2,"minecraft:diorite":112,"projecte:aeternalis_fuel":8,"minecraft:torch":32,"minecraft:wooden_axe":3,"projecte:dark_matter":6,"minecraft:iron_axe":1,"mekanism:free_runners_armored":1,"projecte:condenser_mk1":2,"minecraft:redstone":5,"projecte:red_matter":2,"minecraft:moss_carpet":5,"minecraft:raw_copper":9,"projecte:repair_talisman":1,"minecraft:iron_hoe":1,"mekanism:alloy_reinforced":1,"minecraft:pumpkin_seeds":9,"minecraft:diamond_sword":1,"pipez:fluid_pipe":1,"pipez:item_pipe":1,"pipez:universal_pipe":10,"pipez:energy_pipe":1,"mekanism:ingot_bronze":1,"minecraft:diamond_pickaxe":5,"mekanism:dust_tin":8,"minecraft:andesite":181,"minecraft:oak_sapling":34,"minecraft:wooden_shovel":1,"mekanism:advanced_energy_cube":1,"minecraft:bow":2,"mekanism:ingot_lead":1,"minecraft:raw_gold":8},"minecraft:killed_by":{"minecraft:creeper":3,"minecraft:zombie":1,"minecraft:player":1,"minecraft:skeleton":6,"minecraft:phantom":1},"minecraft:broken":{"minecraft:stone_pickaxe":2,"minecraft:stone_axe":1,"minecraft:stone_hoe":1,"minecraft:shield":1,"minecraft:iron_pickaxe":2},"minecraft:custom":{"minecraft:interact_with_crafting_table":143,"minecraft:leave_game":21,"minecraft:time_since_death":164915,"minecraft:sprint_one_cm":2892494,"minecraft:damage_blocked_by_shield":2910,"minecraft:drop":1006,"minecraft:play_time":1264536,"minecraft:deaths":16,"minecraft:jump":13060,"minecraft:walk_on_water_one_cm":102252,"minecraft:enchant_item":33,"minecraft:interact_with_furnace":148,"minecraft:sleep_in_bed":26,"minecraft:damage_dealt":24341,"minecraft:player_kills":3,"minecraft:crouch_one_cm":39681,"minecraft:interact_with_anvil":27,"minecraft:mob_kills":181,"minecraft:climb_one_cm":5808,"minecraft:walk_one_cm":2638850,"minecraft:sneak_time":14722,"minecraft:walk_under_water_one_cm":64645,"minecraft:boat_one_cm":228872,"minecraft:total_world_time":1264536,"minecraft:time_since_rest":71562,"minecraft:damage_taken":12310,"minecraft:swim_one_cm":145769,"minecraft:fly_one_cm":2468436,"minecraft:open_chest":607,"minecraft:fall_one_cm":497317},"minecraft:used":{"minecraft:beetroot":9,"minecraft:moss_block":21,"minecraft:iron_shovel":197,"projecte:dm_pedestal":2,"rftoolspower:coalgenerator":2,"minecraft:chest":10,"minecraft:shield":43,"minecraft:iron_sword":71,"minecraft:jungle_planks":2,"projecte:gem_leggings":1,"mcwbridges:dark_oak_log_bridge_middle":9,"mekanism:basic_universal_cable":33,"minecraft:tuff":6,"minecraft:obsidian":18,"mekanismgenerators:wind_generator":2,"ironfurnaces:crystal_furnace":1,"minecraft:quartz_block":3,"minecraft:bow":214,"minecraft:sweet_berries":12,"minecraft:oak_sapling":2,"minecraft:furnace":5,"minecraft:beetroot_seeds":1829,"mekanism:jetpack_armored":1,"minecraft:potato":1391,"minecraft:oak_planks":198,"minecraft:stone_pickaxe":270,"minecraft:mangrove_planks":2,"minecraft:wooden_pickaxe":16,"minecraft:sugar_cane":54,"mekanism:electric_bow":24,"projecte:gem_chestplate":1,"mekanism:advanced_energy_cube":16,"mekanism:crusher":1,"minecraft:bread":1,"projecte:relay_mk3":17,"minecraft:gravel":3,"mekanismgenerators:advanced_solar_generator":4,"minecraft:diamond_sword":793,"minecraft:oak_boat":2,"minecraft:bone_meal":40,"mekanism:jetpack":1,"minecraft:stone_sword":107,"minecraft:enchanting_table":10,"minecraft:flint_and_steel":2,"minecraft:cooked_salmon":5,"projecte:relay_mk2":3,"minecraft:wooden_shovel":19,"minecraft:cooked_chicken":2,"minecraft:stone_hoe":133,"minecraft:torch":319,"minecraft:dirt":999,"minecraft:anvil":1,"minecraft:iron_hoe":248,"minecraft:dark_oak_planks":244,"minecraft:wooden_axe":61,"minecraft:flowering_azalea":1,"minecraft:bookshelf":25,"minecraft:iron_axe":65,"minecraft:glowstone":116,"minecraft:basalt":3,"minecraft:diamond_chestplate":1,"projecte:collector_mk3":52,"minecraft:cooked_beef":7,"minecraft:cobbled_deepslate":155,"minecraft:wheat_seeds":747,"minecraft:cooked_mutton":150,"minecraft:water_bucket":147,"mekanism:electric_pump":1,"minecraft:birch_planks":7,"projecte:rm_sword":83,"minecraft:crafting_table":5,"minecraft:red_bed":2,"projecte:dm_sword":1,"projecte:collector_mk2":13,"minecraft:oak_log":4,"mekanism:atomic_disassembler":5933,"minecraft:diamond_pickaxe":1308,"minecraft:apple":3,"minecraft:iron_pickaxe":588,"minecraft:stone_axe":180,"pipez:universal_pipe":15,"projecte:philosophers_stone":128,"minecraft:cobblestone":346,"minecraft:bucket":147,"pipez:energy_pipe":16,"projecte:condenser_mk1":20},"minecraft:mined":{"minecraft:farmland":14,"minecraft:obsidian":10,"minecraft:cave_vines_plant":1,"minecraft:granite":340,"minecraft:grass_block":69,"minecraft:soul_soil":13,"minecraft:hopper":1,"projecte:condenser_mk1":17,"minecraft:magma_block":15,"minecraft:glowstone":97,"ironfurnaces:gold_furnace":1,"minecraft:iron_ore":69,"minecraft:fire":1,"minecraft:cobbled_deepslate":8,"dynamictrees:rooty_grass_block":1,"minecraft:moss_carpet":2,"minecraft:pumpkin":13,"minecraft:deepslate_lapis_ore":21,"minecraft:azure_bluet":2,"minecraft:enchanting_table":9,"minecraft:dirt_path":2,"mekanism:advanced_energy_cube":14,"minecraft:azalea":3,"minecraft:deepslate_redstone_ore":55,"minecraft:brown_mushroom":5,"mekanism:osmium_ore":12,"minecraft:quartz_block":5,"pipez:energy_pipe":15,"minecraft:powder_snow":4,"minecraft:clay":185,"minecraft:torch":9,"minecraft:chest":5,"mekanism:tin_ore":2,"minecraft:cobblestone":8,"projecte:collector_mk2":15,"minecraft:oak_planks":15,"minecraft:sugar_cane":627,"mcwbridges:dark_oak_log_bridge_middle":10,"minecraft:wall_torch":8,"minecraft:deepslate_copper_ore":4,"rftoolsbase:dimensionalshard_overworld":25,"mekanismgenerators:advanced_solar_generator":2,"projecte:collector_mk3":30,"minecraft:birch_log":49,"mekanism:fluorite_ore":3,"minecraft:wheat":745,"minecraft:grass":28,"mekanism:deepslate_tin_ore":32,"dynamictrees:dark_oak_branch":1,"minecraft:oak_log":128,"minecraft:beetroots":2051,"minecraft:sand":2,"minecraft:dirt":395,"mekanism:basic_universal_cable":5,"minecraft:netherrack":2,"minecraft:oak_leaves":24,"minecraft:deepslate":611,"minecraft:nether_gold_ore":2,"minecraft:tuff":51,"dynamictrees:dark_oak_sapling":1,"minecraft:dark_oak_leaves":1,"minecraft:deepslate_diamond_ore":7,"mekanism:deepslate_osmium_ore":54,"minecraft:glow_lichen":6,"gravestone:gravestone":12,"minecraft:jungle_planks":2,"minecraft:spruce_leaves":15,"minecraft:moss_block":29,"minecraft:rooted_dirt":1,"minecraft:large_fern":6,"minecraft:redstone_ore":8,"minecraft:furnace":1,"dynamictrees:dark_oak_leaves":67,"minecraft:andesite":504,"dynamictrees:dark_oak_root":3,"dynamictrees:spruce_leaves":1,"rftoolspower:coalgenerator":6,"minecraft:bookshelf":9,"minecraft:potatoes":1370,"minecraft:deepslate_iron_ore":12,"minecraft:vine":4,"minecraft:rail":9,"minecraft:stone":4889,"projecte:relay_mk3":9,"mekanism:deepslate_lead_ore":6,"minecraft:flowering_azalea":2,"minecraft:soul_sand":90,"minecraft:basalt":4,"pipez:item_pipe":2,"minecraft:crafting_table":2,"minecraft:cornflower":1,"minecraft:rose_bush":4,"minecraft:copper_ore":70,"minecraft:tall_grass":5,"minecraft:deepslate_coal_ore":1,"minecraft:lapis_ore":7,"minecraft:deepslate_gold_ore":48,"projecte:relay_mk2":3,"minecraft:diorite":215,"minecraft:big_dripleaf":1,"minecraft:air":6,"pipez:universal_pipe":9,"minecraft:birch_planks":5,"minecraft:sweet_berry_bush":5,"minecraft:spruce_log":5,"minecraft:birch_leaves":8,"minecraft:mangrove_planks":4,"minecraft:coal_ore":122,"minecraft:gravel":250,"mekanism:deepslate_fluorite_ore":10,"minecraft:gold_ore":12,"minecraft:fern":2,"minecraft:dark_oak_planks":10},"minecraft:killed":{"minecraft:cave_spider":2,"minecraft:zombified_piglin":1,"minecraft:witch":1,"minecraft:spider":12,"minecraft:skeleton":34,"minecraft:chicken":3,"minecraft:tropical_fish":2,"minecraft:magma_cube":9,"minecraft:pig":7,"minecraft:zombie_villager":1,"minecraft:salmon":2,"minecraft:creeper":10,"minecraft:sheep":9,"minecraft:pillager":3,"minecraft:zombie":50,"minecraft:ghast":1,"minecraft:glow_squid":1,"minecraft:cow":8,"minecraft:phantom":10,"minecraft:drowned":3,"minecraft:bat":2,"minecraft:enderman":7},"minecraft:picked_up":{"minecraft:wooden_axe":2,"minecraft:wheat":725,"mekanism:alloy_atomic":1,"mekanism:dust_osmium":1,"minecraft:diamond_sword":1,"projecte:swiftwolf_rending_gale":2,"projecte:condenser_mk1":19,"projecte:mind_stone":1,"mcwbridges:dark_oak_log_bridge_middle":9,"minecraft:string":15,"minecraft:cooked_salmon":2,"minecraft:soul_soil":13,"minecraft:raw_copper":278,"projecte:aeternalis_fuel":5,"pipez:energy_pipe":15,"minecraft:beetroot":1492,"minecraft:cobbled_deepslate":1722,"dynamictrees:dark_oak_seed":41,"mcwbridges:oak_log_bridge_middle":2,"minecraft:gold_nugget":8,"mekanism:basic_universal_cable":5,"minecraft:bucket":16,"minecraft:rose_bush":6,"minecraft:azalea":8,"minecraft:iron_pickaxe":1,"minecraft:furnace":2,"minecraft:stick":143,"minecraft:big_dripleaf":2,"minecraft:oak_fence":2,"minecraft:torch":27,"projecte:dark_matter":4,"minecraft:porkchop":12,"minecraft:diorite":340,"mekanism:energy_tablet":1,"projecte:red_matter":3,"mekanismgenerators:solar_generator":1,"minecraft:golden_chestplate":1,"mekanism:raw_tin":33,"projecte:watch_of_flowing_time":3,"minecraft:quartz_block":6,"minecraft:stone_sword":1,"minecraft:rotten_flesh":54,"minecraft:tropical_fish":13,"minecraft:glowstone":7,"mekanism:ingot_osmium":1,"minecraft:obsidian":7,"minecraft:cobblestone":4531,"mekanismgenerators:advanced_solar_generator":2,"minecraft:birch_log":115,"minecraft:enchanting_table":9,"minecraft:magma_block":12,"minecraft:leather_chestplate":1,"minecraft:feather":8,"minecraft:andesite":432,"minecraft:potato":4944,"minecraft:flint":17,"minecraft:tuff":95,"minecraft:lapis_lazuli":313,"minecraft:dirt":1017,"mekanism:alloy_reinforced":1,"projecte:collector_mk3":30,"minecraft:glass":47,"minecraft:bone":41,"mekanism:free_runners_armored":1,"minecraft:bow":5,"minecraft:wheat_seeds":2024,"minecraft:raw_gold":69,"projecte:philosophers_stone":1,"minecraft:glowstone_dust":288,"minecraft:moss_block":42,"minecraft:stone_hoe":2,"minecraft:oak_planks":69,"minecraft:poisonous_potato":26,"mekanism:enriched_iron":64,"minecraft:sand":3,"minecraft:jungle_planks":2,"minecraft:grass_block":4,"minecraft:dark_oak_log":126,"mekanism:basic_control_circuit":1,"mekanism:basic_mechanical_pipe":1,"minecraft:iron_hoe":1,"minecraft:diamond":9,"mekanism:flamethrower":1,"minecraft:granite":114,"minecraft:bone_meal":5,"mekanism:advanced_energy_cube":17,"minecraft:golden_horse_armor":3,"minecraft:bread":1,"mekanismgenerators:solar_panel":1,"minecraft:rooted_dirt":1,"minecraft:oak_sapling":70,"minecraft:netherrack":6,"minecraft:dark_oak_fence":1,"minecraft:diamond_pickaxe":5,"minecraft:charcoal":63,"minecraft:crafting_table":3,"minecraft:azure_bluet":2,"minecraft:chicken":3,"minecraft:clay_ball":330,"minecraft:chest_minecart":2,"minecraft:leather_leggings":1,"minecraft:brown_mushroom":5,"minecraft:wooden_pickaxe":1,"mekanism:alloy_infused":2,"gravestone:obituary":31,"mekanism:ingot_refined_obsidian":1,"projecte:relay_mk2":3,"minecraft:cornflower":1,"projecte:relay_mk3":9,"minecraft:moss_carpet":31,"minecraft:iron_axe":1,"minecraft:blackstone":1,"minecraft:glass_pane":79,"minecraft:beef":15,"minecraft:oak_boat":1,"mekanism:dust_gold":1,"minecraft:sugar_cane":860,"minecraft:chest":6,"minecraft:birch_sapling":38,"minecraft:phantom_membrane":6,"minecraft:egg":4,"mekanism:ingot_bronze":1,"minecraft:raw_iron":77,"minecraft:stone":64,"mekanism:jetpack":2,"pipez:item_pipe":2,"minecraft:redstone":300,"minecraft:dark_oak_planks":13,"mekanism:crusher":1,"minecraft:arrow":48,"projecte:collector_mk2":16,"minecraft:beetroot_seeds":4520,"projecte:aeternalis_fuel_block":6,"ironfurnaces:gold_furnace":1,"minecraft:gold_ingot":25,"minecraft:glow_berries":4,"minecraft:mutton":15,"minecraft:rail":9,"minecraft:white_wool":8,"mekanism:electric_pump":2,"minecraft:basalt":4,"mekanism:raw_lead":7,"minecraft:glow_ink_sac":8,"minecraft:salmon":1,"rftoolspower:coalgenerator":6,"minecraft:leather":9,"mekanism:dust_tin":4,"minecraft:birch_planks":5,"minecraft:oak_log":127,"minecraft:golden_boots":2,"minecraft:gunpowder":9,"pipez:universal_pipe":10,"minecraft:cooked_mutton":7,"rftoolsbase:dimensionalshard":108,"mekanism:dust_steel":1,"minecraft:apple":3,"minecraft:iron_ingot":1,"minecraft:stone_pickaxe":1,"mekanism:steel_casing":1,"minecraft:mangrove_planks":3,"minecraft:iron_sword":2,"minecraft:flowering_azalea":3,"minecraft:soul_sand":82,"minecraft:book":85,"mekanism:ingot_steel":1,"minecraft:oak_slab":7,"minecraft:pumpkin":13,"minecraft:sweet_berries":13,"projecte:mobius_fuel":1,"minecraft:gravel":211,"minecraft:lava_bucket":1,"mekanism:ingot_tin":1,"mekanism:atomic_disassembler":5,"minecraft:spruce_log":5,"minecraft:spider_eye":7,"mekanism:raw_osmium":65,"mekanismgenerators:wind_generator":1,"minecraft:pumpkin_seeds":5,"minecraft:stone_axe":3,"mekanism:fluorite_gem":38,"minecraft:gray_wool":1,"minecraft:black_wool":2,"minecraft:coal":94,"minecraft:hopper":1,"minecraft:ender_pearl":3}},"DataVersion":3465}