{"stats":{"minecraft:mined":{"minecraft:powder_snow":4,"minecraft:glow_lichen":1,"minecraft:crafting_table":2,"minecraft:cornflower":1,"minecraft:grass_block":4,"minecraft:tall_grass":1,"minecraft:copper_ore":7,"minecraft:cobblestone":2,"minecraft:spruce_leaves":15,"minecraft:sugar_cane":1,"minecraft:furnace":1,"minecraft:birch_log":49,"minecraft:iron_ore":2,"minecraft:spruce_log":5,"minecraft:birch_leaves":4,"minecraft:azure_bluet":2,"minecraft:grass":3,"minecraft:oak_log":128,"minecraft:coal_ore":19,"minecraft:dirt":8,"minecraft:stone":29,"minecraft:oak_leaves":23},"minecraft:picked_up":{"minecraft:birch_log":47,"minecraft:crafting_table":2,"minecraft:azure_bluet":2,"minecraft:salmon":1,"minecraft:wooden_pickaxe":1,"minecraft:oak_log":127,"minecraft:cornflower":1,"minecraft:dirt":12,"minecraft:raw_copper":27,"minecraft:apple":3,"minecraft:beef":1,"minecraft:sugar_cane":3,"minecraft:birch_sapling":17,"minecraft:furnace":1,"minecraft:stick":36,"minecraft:raw_iron":2,"minecraft:spruce_log":5,"minecraft:arrow":2,"minecraft:bone_meal":1,"minecraft:gray_wool":1,"minecraft:oak_sapling":36,"minecraft:mutton":5,"minecraft:coal":20,"minecraft:white_wool":2,"minecraft:cobblestone":40},"minecraft:killed":{"minecraft:salmon":2,"minecraft:sheep":3,"minecraft:cow":1},"minecraft:used":{"minecraft:stone_sword":32,"minecraft:stone_pickaxe":49,"minecraft:oak_planks":46,"minecraft:wooden_pickaxe":16,"minecraft:cooked_salmon":2,"minecraft:torch":26,"minecraft:dirt":1,"minecraft:crafting_table":1,"minecraft:oak_log":3,"minecraft:wooden_axe":45,"minecraft:apple":3,"minecraft:stone_axe":174,"minecraft:cobblestone":10,"minecraft:oak_sapling":2},"minecraft:killed_by":{"minecraft:skeleton":1},"minecraft:crafted":{"minecraft:oak_planks":132,"minecraft:crafting_table":1,"minecraft:wooden_pickaxe":1,"minecraft:cooked_salmon":7,"minecraft:birch_planks":20,"minecraft:stone_axe":2,"minecraft:air":0,"minecraft:charcoal":19,"minecraft:stick":4,"minecraft:stone_pickaxe":1,"minecraft:wooden_axe":1,"minecraft:stone_sword":1,"minecraft:torch":76},"minecraft:dropped":{"minecraft:stone_axe":1,"minecraft:birch_sapling":10,"minecraft:torch":32},"minecraft:custom":{"minecraft:interact_with_furnace":4,"minecraft:mob_kills":6,"minecraft:interact_with_crafting_table":5,"minecraft:leave_game":2,"minecraft:time_since_death":3750,"minecraft:time_since_rest":3788,"minecraft:sprint_one_cm":120942,"minecraft:damage_taken":973,"minecraft:walk_one_cm":77392,"minecraft:drop":3,"minecraft:damage_dealt":711,"minecraft:swim_one_cm":4412,"minecraft:fly_one_cm":60225,"minecraft:player_kills":1,"minecraft:open_chest":2,"minecraft:crouch_one_cm":1044,"minecraft:play_time":34856,"minecraft:deaths":3,"minecraft:sneak_time":213,"minecraft:walk_under_water_one_cm":1328,"minecraft:jump":715,"minecraft:walk_on_water_one_cm":1134,"minecraft:total_world_time":34856,"minecraft:fall_one_cm":14197}},"DataVersion":3465}