{"stats":{"minecraft:crafted":{"minecraft:brick":12,"minecraft:oak_planks":260,"pipez:universal_pipe":6,"mekanism:ingot_osmium":11,"minecraft:cooked_chicken":2,"pipez:item_pipe":16,"minecraft:bookshelf":21,"ironfurnaces:diamond_furnace":1,"pipez:fluid_pipe":16,"minecraft:cooked_mutton":1,"minecraft:glass":3,"minecraft:diamond_helmet":1,"minecraft:diamond_leggings":1,"minecraft:iron_boots":1,"minecraft:chest":3,"minecraft:stone_hoe":1,"minecraft:ender_eye":1,"projecte:dark_matter":2,"minecraft:dropper":2,"mekanism:ingot_tin":17,"minecraft:deepslate":8,"minecraft:wooden_shovel":1,"projecte:red_matter":1,"minecraft:crafting_table":3,"minecraft:wooden_pickaxe":1,"minecraft:iron_helmet":1,"minecraft:red_wool":3,"minecraft:clock":1,"minecraft:copper_ingot":63,"minecraft:gold_block":1,"minecraft:birch_planks":376,"mekanism:ingot_lead":7,"minecraft:iron_chestplate":1,"minecraft:book":2,"minecraft:paper":6,"minecraft:charcoal":20,"minecraft:shield":1,"ironfurnaces:crystal_furnace":1,"minecraft:stick":20,"minecraft:iron_ingot":79,"minecraft:iron_pickaxe":3,"minecraft:iron_block":3,"minecraft:stone_sword":1,"minecraft:gold_ingot":16,"mekanism:basic_chemical_tank":1,"minecraft:furnace":3,"mekanism:ingot_uranium":1,"minecraft:diamond_block":3,"mekanism:jetpack":1,"minecraft:flint_and_steel":1,"projecte:aeternalis_fuel":1,"minecraft:iron_axe":1,"projecte:relay_mk1":1,"minecraft:iron_hoe":1,"projecte:relay_mk2":1,"minecraft:stone_pickaxe":3,"minecraft:diamond_boots":1,"projecte:watch_of_flowing_time":1,"minecraft:redstone_block":7,"minecraft:dark_oak_planks":440,"minecraft:cooked_beef":7,"minecraft:red_dye":6,"minecraft:diamond_sword":1,"minecraft:enchanting_table":1,"pipez:energy_pipe":16,"minecraft:iron_sword":1,"minecraft:red_bed":2,"minecraft:cooked_salmon":7,"minecraft:bucket":2,"minecraft:stone_axe":2,"minecraft:glowstone":7,"minecraft:air":0,"minecraft:bread":5,"projecte:relay_mk3":1,"minecraft:oak_boat":1,"minecraft:wooden_axe":2,"minecraft:iron_shovel":1,"minecraft:iron_leggings":1,"minecraft:anvil":1,"minecraft:white_bed":1,"minecraft:torch":196,"minecraft:diamond_chestplate":1},"minecraft:dropped":{"minecraft:iron_sword":1,"mekanism:jetpack":1,"minecraft:moss_block":3,"mekanism:ingot_tin":1,"minecraft:ender_pearl":1,"minecraft:leather":2,"minecraft:gold_block":1,"minecraft:dirt":127,"gravestone:obituary":28,"minecraft:bone_meal":3,"minecraft:iron_pickaxe":2,"minecraft:birch_log":22,"minecraft:gold_ingot":49,"minecraft:gravel":13,"minecraft:stone_axe":2,"minecraft:sugar_cane":2,"mekanism:ingot_osmium":6,"minecraft:cobbled_deepslate":55,"minecraft:birch_sapling":30,"minecraft:rotten_flesh":10,"rftoolsbase:dimensionalshard":9,"minecraft:cooked_mutton":13,"projecte:watch_of_flowing_time":1,"minecraft:glass":66,"minecraft:stone_hoe":2,"minecraft:enchanted_book":6,"minecraft:iron_ingot":8,"minecraft:bread":1,"minecraft:golden_horse_armor":1,"minecraft:cobblestone":78,"projecte:collector_mk2":3,"minecraft:granite":12,"minecraft:stick":2,"minecraft:diorite":91,"projecte:aeternalis_fuel":8,"minecraft:torch":32,"minecraft:wooden_axe":3,"projecte:dark_matter":5,"minecraft:iron_axe":1,"minecraft:redstone":5,"projecte:red_matter":1,"minecraft:moss_carpet":5,"minecraft:raw_copper":9,"minecraft:pumpkin_seeds":9,"minecraft:diamond_sword":1,"pipez:fluid_pipe":1,"pipez:item_pipe":1,"pipez:energy_pipe":1,"pipez:universal_pipe":10,"minecraft:diamond_pickaxe":5,"minecraft:andesite":1,"minecraft:oak_sapling":34,"minecraft:wooden_shovel":1,"minecraft:bow":2,"mekanism:ingot_lead":1,"minecraft:raw_gold":8},"minecraft:killed_by":{"minecraft:creeper":2,"minecraft:skeleton":5,"minecraft:phantom":1},"minecraft:broken":{"minecraft:stone_pickaxe":2,"minecraft:stone_axe":1,"minecraft:stone_hoe":1,"minecraft:shield":1,"minecraft:iron_pickaxe":2},"minecraft:custom":{"minecraft:interact_with_crafting_table":75,"minecraft:leave_game":15,"minecraft:time_since_death":430360,"minecraft:sprint_one_cm":1945881,"minecraft:damage_blocked_by_shield":2910,"minecraft:drop":388,"minecraft:play_time":737541,"minecraft:deaths":12,"minecraft:jump":9806,"minecraft:walk_on_water_one_cm":62477,"minecraft:enchant_item":21,"minecraft:interact_with_furnace":103,"minecraft:sleep_in_bed":15,"minecraft:damage_dealt":7137,"minecraft:player_kills":1,"minecraft:crouch_one_cm":38120,"minecraft:interact_with_anvil":11,"minecraft:mob_kills":73,"minecraft:climb_one_cm":4053,"minecraft:walk_one_cm":1602201,"minecraft:sneak_time":10065,"minecraft:walk_under_water_one_cm":45603,"minecraft:boat_one_cm":228872,"minecraft:total_world_time":737541,"minecraft:time_since_rest":100979,"minecraft:damage_taken":7402,"minecraft:swim_one_cm":78449,"minecraft:fly_one_cm":1236285,"minecraft:open_chest":164,"minecraft:fall_one_cm":178496},"minecraft:used":{"minecraft:beetroot":9,"minecraft:moss_block":11,"minecraft:iron_shovel":197,"rftoolspower:coalgenerator":2,"minecraft:chest":6,"minecraft:shield":43,"minecraft:iron_sword":71,"minecraft:jungle_planks":2,"mcwbridges:dark_oak_log_bridge_middle":9,"minecraft:tuff":6,"minecraft:obsidian":14,"ironfurnaces:crystal_furnace":1,"minecraft:bow":110,"minecraft:sweet_berries":12,"minecraft:oak_sapling":2,"minecraft:furnace":5,"minecraft:beetroot_seeds":1829,"minecraft:stone_pickaxe":270,"minecraft:oak_planks":198,"minecraft:wooden_pickaxe":16,"minecraft:sugar_cane":39,"minecraft:bread":1,"projecte:relay_mk3":3,"minecraft:gravel":3,"minecraft:diamond_sword":658,"minecraft:oak_boat":2,"minecraft:bone_meal":38,"minecraft:enchanting_table":8,"minecraft:stone_sword":107,"minecraft:flint_and_steel":2,"projecte:relay_mk2":3,"minecraft:cooked_salmon":5,"minecraft:wooden_shovel":19,"minecraft:stone_hoe":133,"minecraft:cooked_chicken":2,"minecraft:torch":236,"minecraft:dirt":940,"minecraft:anvil":1,"minecraft:iron_hoe":239,"minecraft:dark_oak_planks":232,"minecraft:wooden_axe":61,"minecraft:flowering_azalea":1,"minecraft:bookshelf":25,"minecraft:iron_axe":23,"minecraft:diamond_chestplate":1,"minecraft:glowstone":9,"minecraft:basalt":3,"projecte:collector_mk3":9,"minecraft:cooked_beef":7,"minecraft:cobbled_deepslate":155,"minecraft:wheat_seeds":747,"minecraft:cooked_mutton":83,"minecraft:water_bucket":138,"minecraft:birch_planks":7,"minecraft:crafting_table":5,"minecraft:red_bed":2,"projecte:collector_mk2":6,"minecraft:oak_log":4,"minecraft:diamond_pickaxe":959,"minecraft:apple":3,"minecraft:iron_pickaxe":588,"minecraft:stone_axe":180,"pipez:universal_pipe":10,"projecte:philosophers_stone":128,"minecraft:cobblestone":329,"minecraft:bucket":140,"pipez:energy_pipe":13,"projecte:condenser_mk1":4},"minecraft:mined":{"minecraft:farmland":14,"minecraft:obsidian":6,"minecraft:cave_vines_plant":1,"minecraft:granite":24,"minecraft:grass_block":48,"minecraft:soul_soil":13,"projecte:condenser_mk1":3,"minecraft:magma_block":15,"minecraft:glowstone":33,"ironfurnaces:gold_furnace":1,"minecraft:iron_ore":42,"minecraft:cobbled_deepslate":8,"dynamictrees:rooty_grass_block":1,"minecraft:moss_carpet":2,"minecraft:pumpkin":13,"minecraft:deepslate_lapis_ore":5,"minecraft:azure_bluet":2,"minecraft:enchanting_table":7,"minecraft:dirt_path":2,"minecraft:azalea":3,"minecraft:deepslate_redstone_ore":26,"mekanism:osmium_ore":12,"minecraft:brown_mushroom":5,"pipez:energy_pipe":9,"minecraft:powder_snow":4,"minecraft:clay":46,"minecraft:torch":9,"minecraft:chest":2,"mekanism:tin_ore":1,"minecraft:cobblestone":7,"projecte:collector_mk2":8,"minecraft:oak_planks":15,"minecraft:sugar_cane":325,"mcwbridges:dark_oak_log_bridge_middle":10,"minecraft:wall_torch":7,"minecraft:deepslate_copper_ore":2,"rftoolsbase:dimensionalshard_overworld":20,"projecte:collector_mk3":6,"mekanism:fluorite_ore":3,"minecraft:birch_log":49,"minecraft:wheat":57,"minecraft:grass":22,"mekanism:deepslate_tin_ore":17,"minecraft:oak_log":128,"dynamictrees:dark_oak_branch":1,"minecraft:beetroots":2051,"minecraft:sand":2,"minecraft:dirt":176,"minecraft:netherrack":2,"minecraft:oak_leaves":24,"minecraft:deepslate":593,"minecraft:nether_gold_ore":2,"minecraft:tuff":49,"dynamictrees:dark_oak_sapling":1,"minecraft:dark_oak_leaves":1,"minecraft:deepslate_diamond_ore":7,"mekanism:deepslate_osmium_ore":41,"minecraft:glow_lichen":6,"gravestone:gravestone":8,"minecraft:jungle_planks":2,"minecraft:spruce_leaves":15,"minecraft:moss_block":12,"minecraft:rooted_dirt":1,"minecraft:large_fern":6,"minecraft:redstone_ore":8,"minecraft:furnace":1,"dynamictrees:dark_oak_leaves":56,"minecraft:andesite":22,"dynamictrees:dark_oak_root":3,"dynamictrees:spruce_leaves":1,"rftoolspower:coalgenerator":6,"minecraft:bookshelf":9,"minecraft:deepslate_iron_ore":8,"minecraft:vine":3,"minecraft:stone":625,"projecte:relay_mk3":1,"mekanism:deepslate_lead_ore":6,"minecraft:flowering_azalea":2,"minecraft:soul_sand":90,"minecraft:basalt":4,"minecraft:crafting_table":2,"minecraft:cornflower":1,"minecraft:rose_bush":3,"minecraft:copper_ore":15,"minecraft:tall_grass":3,"minecraft:deepslate_coal_ore":1,"minecraft:lapis_ore":1,"minecraft:deepslate_gold_ore":23,"projecte:relay_mk2":3,"minecraft:diorite":51,"minecraft:big_dripleaf":1,"minecraft:air":6,"pipez:universal_pipe":7,"minecraft:birch_planks":4,"minecraft:sweet_berry_bush":5,"minecraft:spruce_log":5,"minecraft:birch_leaves":8,"minecraft:mangrove_planks":2,"minecraft:coal_ore":52,"minecraft:gravel":23,"mekanism:deepslate_fluorite_ore":8,"minecraft:gold_ore":10,"minecraft:fern":2,"minecraft:dark_oak_planks":9},"minecraft:killed":{"minecraft:cave_spider":2,"minecraft:spider":3,"minecraft:skeleton":3,"minecraft:chicken":3,"minecraft:tropical_fish":2,"minecraft:magma_cube":9,"minecraft:pig":7,"minecraft:salmon":2,"minecraft:creeper":1,"minecraft:sheep":8,"minecraft:zombie":17,"minecraft:cow":4,"minecraft:phantom":6,"minecraft:drowned":1,"minecraft:bat":2,"minecraft:enderman":1},"minecraft:picked_up":{"minecraft:wooden_axe":2,"minecraft:wheat":38,"minecraft:diamond_sword":1,"projecte:condenser_mk1":3,"mcwbridges:dark_oak_log_bridge_middle":9,"minecraft:string":6,"minecraft:raw_copper":97,"minecraft:soul_soil":13,"minecraft:cooked_salmon":2,"pipez:energy_pipe":9,"minecraft:beetroot":1492,"dynamictrees:dark_oak_seed":35,"minecraft:cobbled_deepslate":540,"minecraft:gold_nugget":8,"mcwbridges:oak_log_bridge_middle":2,"minecraft:bucket":16,"minecraft:rose_bush":3,"minecraft:azalea":8,"minecraft:iron_pickaxe":1,"minecraft:furnace":2,"minecraft:stick":128,"minecraft:big_dripleaf":2,"minecraft:oak_fence":2,"minecraft:torch":26,"projecte:dark_matter":4,"minecraft:porkchop":12,"minecraft:diorite":95,"projecte:red_matter":1,"mekanism:raw_tin":17,"minecraft:golden_chestplate":1,"projecte:watch_of_flowing_time":1,"minecraft:stone_sword":1,"minecraft:rotten_flesh":29,"minecraft:tropical_fish":13,"minecraft:glowstone":5,"mekanism:ingot_osmium":1,"minecraft:obsidian":3,"minecraft:cobblestone":728,"minecraft:enchanting_table":7,"minecraft:birch_log":115,"minecraft:magma_block":12,"minecraft:feather":8,"minecraft:andesite":12,"minecraft:flint":1,"minecraft:tuff":19,"minecraft:lapis_lazuli":67,"minecraft:dirt":373,"projecte:collector_mk3":6,"minecraft:glass":47,"minecraft:bone":8,"minecraft:bow":1,"minecraft:wheat_seeds":136,"minecraft:raw_gold":42,"projecte:philosophers_stone":1,"minecraft:glowstone_dust":102,"minecraft:moss_block":35,"minecraft:stone_hoe":2,"minecraft:oak_planks":69,"minecraft:jungle_planks":2,"minecraft:sand":2,"mekanism:enriched_iron":64,"minecraft:dark_oak_log":110,"mekanism:basic_control_circuit":1,"minecraft:diamond":9,"minecraft:granite":26,"minecraft:bone_meal":5,"minecraft:golden_horse_armor":3,"minecraft:bread":1,"minecraft:rooted_dirt":1,"minecraft:oak_sapling":70,"minecraft:netherrack":6,"minecraft:dark_oak_fence":1,"minecraft:diamond_pickaxe":5,"minecraft:charcoal":63,"minecraft:crafting_table":3,"minecraft:azure_bluet":2,"minecraft:chicken":3,"minecraft:clay_ball":182,"minecraft:chest_minecart":2,"minecraft:brown_mushroom":5,"minecraft:wooden_pickaxe":1,"mekanism:alloy_infused":1,"gravestone:obituary":23,"projecte:relay_mk2":3,"minecraft:cornflower":1,"projecte:relay_mk3":1,"minecraft:moss_carpet":31,"minecraft:iron_axe":1,"minecraft:blackstone":1,"minecraft:beef":9,"minecraft:oak_boat":1,"minecraft:sugar_cane":429,"minecraft:chest":3,"minecraft:birch_sapling":38,"minecraft:phantom_membrane":4,"minecraft:egg":4,"minecraft:raw_iron":49,"minecraft:stone":64,"mekanism:jetpack":1,"minecraft:redstone":169,"minecraft:dark_oak_planks":9,"minecraft:arrow":15,"projecte:collector_mk2":9,"minecraft:beetroot_seeds":4520,"ironfurnaces:gold_furnace":1,"minecraft:gold_ingot":25,"minecraft:glow_berries":4,"minecraft:mutton":14,"minecraft:white_wool":7,"minecraft:basalt":4,"mekanism:raw_lead":7,"minecraft:salmon":1,"rftoolspower:coalgenerator":6,"minecraft:leather":6,"minecraft:birch_planks":4,"minecraft:oak_log":127,"minecraft:golden_boots":1,"minecraft:gunpowder":2,"pipez:universal_pipe":8,"minecraft:cooked_mutton":7,"rftoolsbase:dimensionalshard":85,"mekanism:dust_steel":1,"minecraft:apple":3,"minecraft:iron_ingot":1,"minecraft:stone_pickaxe":1,"mekanism:steel_casing":1,"minecraft:mangrove_planks":1,"minecraft:iron_sword":2,"minecraft:flowering_azalea":3,"minecraft:soul_sand":82,"minecraft:book":27,"mekanism:ingot_steel":1,"minecraft:oak_slab":7,"minecraft:pumpkin":13,"minecraft:sweet_berries":13,"projecte:mobius_fuel":1,"minecraft:gravel":26,"minecraft:lava_bucket":1,"mekanism:ingot_tin":1,"minecraft:spruce_log":5,"mekanism:raw_osmium":52,"minecraft:spider_eye":2,"minecraft:pumpkin_seeds":5,"minecraft:stone_axe":3,"mekanism:fluorite_gem":34,"minecraft:gray_wool":1,"minecraft:black_wool":2,"minecraft:coal":74,"minecraft:ender_pearl":1}},"DataVersion":3465}