{"stats":{"minecraft:crafted":{"minecraft:brick":12,"minecraft:oak_planks":260,"minecraft:cooked_chicken":2,"minecraft:bookshelf":21,"ironfurnaces:diamond_furnace":1,"minecraft:cooked_mutton":1,"minecraft:glass":3,"minecraft:diamond_helmet":1,"minecraft:diamond_leggings":1,"minecraft:iron_boots":1,"minecraft:chest":3,"minecraft:stone_hoe":1,"minecraft:ender_eye":1,"projecte:dark_matter":2,"minecraft:deepslate":8,"minecraft:wooden_shovel":1,"minecraft:crafting_table":3,"minecraft:wooden_pickaxe":1,"minecraft:iron_helmet":1,"minecraft:red_wool":3,"minecraft:copper_ingot":63,"minecraft:gold_block":1,"minecraft:birch_planks":376,"minecraft:iron_chestplate":1,"minecraft:book":2,"minecraft:paper":6,"minecraft:charcoal":20,"minecraft:shield":1,"ironfurnaces:crystal_furnace":1,"minecraft:stick":20,"minecraft:iron_ingot":65,"minecraft:iron_pickaxe":3,"minecraft:stone_sword":1,"minecraft:gold_ingot":10,"minecraft:furnace":3,"minecraft:diamond_block":3,"projecte:aeternalis_fuel":1,"minecraft:iron_axe":1,"projecte:relay_mk1":1,"minecraft:iron_hoe":1,"projecte:relay_mk2":1,"minecraft:stone_pickaxe":3,"minecraft:diamond_boots":1,"minecraft:dark_oak_planks":440,"minecraft:cooked_beef":7,"minecraft:red_dye":6,"minecraft:diamond_sword":1,"minecraft:enchanting_table":1,"minecraft:iron_sword":1,"minecraft:red_bed":2,"minecraft:cooked_salmon":7,"minecraft:bucket":2,"minecraft:stone_axe":2,"minecraft:glowstone":5,"minecraft:bread":5,"minecraft:air":0,"minecraft:oak_boat":1,"minecraft:wooden_axe":2,"minecraft:iron_shovel":1,"minecraft:iron_leggings":1,"minecraft:white_bed":1,"minecraft:torch":196,"minecraft:diamond_chestplate":1},"minecraft:dropped":{"minecraft:iron_sword":1,"minecraft:moss_block":3,"minecraft:ender_pearl":1,"minecraft:gold_block":1,"minecraft:dirt":127,"gravestone:obituary":28,"minecraft:bone_meal":3,"minecraft:iron_pickaxe":2,"minecraft:birch_log":4,"minecraft:gold_ingot":49,"minecraft:gravel":5,"minecraft:stone_axe":2,"minecraft:sugar_cane":2,"minecraft:cobbled_deepslate":16,"minecraft:birch_sapling":30,"minecraft:rotten_flesh":9,"rftoolsbase:dimensionalshard":9,"minecraft:cooked_mutton":8,"minecraft:stone_hoe":2,"minecraft:iron_ingot":4,"minecraft:bread":1,"minecraft:golden_horse_armor":1,"minecraft:cobblestone":64,"projecte:collector_mk2":3,"minecraft:granite":12,"minecraft:stick":2,"minecraft:diorite":89,"projecte:aeternalis_fuel":8,"minecraft:torch":32,"minecraft:wooden_axe":3,"minecraft:redstone":1,"minecraft:moss_carpet":4,"minecraft:diamond_sword":1,"minecraft:diamond_pickaxe":4,"minecraft:andesite":1,"minecraft:oak_sapling":34,"minecraft:wooden_shovel":1,"minecraft:raw_gold":8},"minecraft:killed_by":{"minecraft:creeper":2,"minecraft:skeleton":5,"minecraft:phantom":1},"minecraft:broken":{"minecraft:stone_pickaxe":2,"minecraft:stone_axe":1,"minecraft:stone_hoe":1,"minecraft:iron_pickaxe":2},"minecraft:custom":{"minecraft:interact_with_crafting_table":59,"minecraft:leave_game":11,"minecraft:time_since_death":197282,"minecraft:sprint_one_cm":1414088,"minecraft:damage_blocked_by_shield":720,"minecraft:drop":249,"minecraft:play_time":504463,"minecraft:deaths":12,"minecraft:jump":7070,"minecraft:walk_on_water_one_cm":39213,"minecraft:interact_with_furnace":83,"minecraft:sleep_in_bed":13,"minecraft:damage_dealt":4681,"minecraft:player_kills":1,"minecraft:crouch_one_cm":37151,"minecraft:mob_kills":35,"minecraft:climb_one_cm":1115,"minecraft:walk_one_cm":1056244,"minecraft:sneak_time":9043,"minecraft:walk_under_water_one_cm":31539,"minecraft:boat_one_cm":228872,"minecraft:total_world_time":504463,"minecraft:time_since_rest":55207,"minecraft:damage_taken":5574,"minecraft:swim_one_cm":69962,"minecraft:fly_one_cm":925661,"minecraft:open_chest":122,"minecraft:fall_one_cm":136333},"minecraft:used":{"minecraft:beetroot":8,"minecraft:moss_block":11,"minecraft:iron_shovel":54,"rftoolspower:coalgenerator":2,"minecraft:chest":5,"minecraft:shield":15,"minecraft:iron_sword":71,"mcwbridges:dark_oak_log_bridge_middle":9,"minecraft:obsidian":2,"ironfurnaces:crystal_furnace":1,"minecraft:sweet_berries":12,"minecraft:furnace":5,"minecraft:oak_sapling":2,"minecraft:beetroot_seeds":1829,"minecraft:stone_pickaxe":270,"minecraft:oak_planks":198,"minecraft:wooden_pickaxe":16,"minecraft:sugar_cane":37,"minecraft:bread":1,"minecraft:gravel":3,"minecraft:diamond_sword":53,"minecraft:oak_boat":2,"minecraft:bone_meal":38,"minecraft:enchanting_table":1,"minecraft:stone_sword":107,"minecraft:wooden_shovel":19,"projecte:relay_mk2":3,"minecraft:cooked_salmon":5,"minecraft:stone_hoe":133,"minecraft:cooked_chicken":2,"minecraft:torch":130,"minecraft:dirt":937,"minecraft:iron_hoe":237,"minecraft:wooden_axe":61,"minecraft:dark_oak_planks":232,"minecraft:bookshelf":13,"minecraft:iron_axe":9,"minecraft:glowstone":5,"minecraft:cooked_beef":7,"minecraft:cobbled_deepslate":38,"minecraft:wheat_seeds":58,"minecraft:cooked_mutton":45,"minecraft:water_bucket":108,"minecraft:birch_planks":4,"minecraft:crafting_table":5,"minecraft:red_bed":2,"projecte:collector_mk2":5,"minecraft:oak_log":4,"minecraft:diamond_pickaxe":405,"minecraft:apple":3,"minecraft:iron_pickaxe":588,"minecraft:stone_axe":180,"projecte:philosophers_stone":128,"minecraft:cobblestone":259,"minecraft:bucket":110,"projecte:condenser_mk1":2},"minecraft:mined":{"minecraft:farmland":14,"minecraft:obsidian":4,"minecraft:cave_vines_plant":1,"minecraft:granite":23,"minecraft:grass_block":44,"projecte:condenser_mk1":2,"minecraft:glowstone":31,"ironfurnaces:gold_furnace":1,"minecraft:iron_ore":32,"minecraft:cobbled_deepslate":1,"dynamictrees:rooty_grass_block":1,"minecraft:pumpkin":7,"minecraft:moss_carpet":1,"minecraft:deepslate_lapis_ore":4,"minecraft:azure_bluet":2,"minecraft:enchanting_table":1,"minecraft:dirt_path":2,"minecraft:azalea":1,"minecraft:deepslate_redstone_ore":16,"minecraft:brown_mushroom":5,"minecraft:powder_snow":4,"minecraft:clay":14,"minecraft:torch":1,"minecraft:chest":2,"minecraft:cobblestone":6,"projecte:collector_mk2":5,"mcwbridges:dark_oak_log_bridge_middle":10,"minecraft:sugar_cane":193,"minecraft:oak_planks":15,"minecraft:wall_torch":2,"rftoolsbase:dimensionalshard_overworld":9,"minecraft:birch_log":49,"minecraft:wheat":57,"minecraft:grass":15,"minecraft:oak_log":128,"dynamictrees:dark_oak_branch":1,"minecraft:beetroots":1361,"minecraft:sand":2,"minecraft:dirt":169,"minecraft:oak_leaves":24,"minecraft:deepslate":413,"minecraft:tuff":42,"dynamictrees:dark_oak_sapling":1,"minecraft:dark_oak_leaves":1,"minecraft:deepslate_diamond_ore":4,"gravestone:gravestone":8,"minecraft:glow_lichen":6,"minecraft:spruce_leaves":15,"minecraft:moss_block":4,"minecraft:rooted_dirt":1,"minecraft:large_fern":6,"minecraft:redstone_ore":6,"minecraft:furnace":1,"dynamictrees:dark_oak_leaves":55,"minecraft:andesite":2,"dynamictrees:dark_oak_root":3,"dynamictrees:spruce_leaves":1,"rftoolspower:coalgenerator":6,"minecraft:bookshelf":1,"minecraft:deepslate_iron_ore":4,"minecraft:vine":2,"minecraft:stone":514,"minecraft:crafting_table":2,"minecraft:cornflower":1,"minecraft:rose_bush":3,"minecraft:tall_grass":1,"minecraft:copper_ore":14,"minecraft:lapis_ore":1,"minecraft:deepslate_gold_ore":8,"minecraft:diorite":45,"projecte:relay_mk2":2,"minecraft:air":6,"minecraft:birch_planks":3,"minecraft:sweet_berry_bush":5,"minecraft:spruce_log":5,"minecraft:birch_leaves":8,"minecraft:coal_ore":52,"minecraft:gravel":10,"minecraft:gold_ore":10,"minecraft:fern":2,"minecraft:dark_oak_planks":9},"minecraft:killed":{"minecraft:spider":1,"minecraft:chicken":3,"minecraft:tropical_fish":2,"minecraft:pig":7,"minecraft:salmon":2,"minecraft:sheep":8,"minecraft:zombie":5,"minecraft:cow":3,"minecraft:phantom":2,"minecraft:bat":2},"minecraft:picked_up":{"minecraft:wooden_axe":2,"minecraft:wheat":38,"minecraft:diamond_sword":1,"projecte:condenser_mk1":2,"mcwbridges:dark_oak_log_bridge_middle":9,"minecraft:raw_copper":84,"minecraft:cooked_salmon":2,"minecraft:beetroot":809,"dynamictrees:dark_oak_seed":35,"mcwbridges:oak_log_bridge_middle":2,"minecraft:cobbled_deepslate":362,"minecraft:rose_bush":3,"minecraft:azalea":3,"minecraft:iron_pickaxe":1,"minecraft:furnace":2,"minecraft:stick":128,"minecraft:oak_fence":2,"minecraft:torch":10,"minecraft:porkchop":12,"minecraft:diorite":89,"minecraft:stone_sword":1,"minecraft:rotten_flesh":23,"minecraft:tropical_fish":13,"minecraft:obsidian":1,"minecraft:cobblestone":617,"minecraft:enchanting_table":1,"minecraft:birch_log":104,"minecraft:feather":6,"minecraft:andesite":2,"minecraft:tuff":12,"minecraft:dirt":365,"minecraft:lapis_lazuli":63,"minecraft:bone":3,"minecraft:wheat_seeds":135,"minecraft:raw_gold":26,"projecte:philosophers_stone":1,"minecraft:glowstone_dust":97,"minecraft:moss_block":16,"minecraft:stone_hoe":2,"minecraft:oak_planks":69,"minecraft:sand":2,"minecraft:dark_oak_log":110,"minecraft:diamond":6,"minecraft:granite":25,"minecraft:bone_meal":5,"minecraft:golden_horse_armor":3,"minecraft:bread":1,"minecraft:rooted_dirt":1,"minecraft:oak_sapling":70,"minecraft:dark_oak_fence":1,"minecraft:diamond_pickaxe":4,"minecraft:charcoal":63,"minecraft:crafting_table":3,"minecraft:azure_bluet":2,"minecraft:chicken":3,"minecraft:clay_ball":56,"minecraft:brown_mushroom":5,"minecraft:wooden_pickaxe":1,"gravestone:obituary":22,"projecte:relay_mk2":2,"minecraft:cornflower":1,"minecraft:moss_carpet":16,"minecraft:beef":7,"minecraft:oak_boat":1,"minecraft:birch_sapling":38,"minecraft:sugar_cane":256,"minecraft:chest":2,"minecraft:phantom_membrane":2,"minecraft:egg":4,"minecraft:raw_iron":35,"minecraft:redstone":112,"minecraft:dark_oak_planks":9,"projecte:collector_mk2":6,"minecraft:arrow":5,"minecraft:beetroot_seeds":2689,"ironfurnaces:gold_furnace":1,"minecraft:gold_ingot":25,"minecraft:glow_berries":1,"minecraft:mutton":14,"minecraft:white_wool":7,"minecraft:salmon":1,"rftoolspower:coalgenerator":6,"minecraft:leather":2,"minecraft:birch_planks":3,"minecraft:oak_log":127,"minecraft:cooked_mutton":6,"rftoolsbase:dimensionalshard":34,"minecraft:apple":3,"minecraft:iron_ingot":1,"minecraft:stone_pickaxe":1,"minecraft:flowering_azalea":1,"minecraft:iron_sword":2,"minecraft:book":3,"minecraft:oak_slab":7,"minecraft:pumpkin":7,"minecraft:sweet_berries":13,"projecte:mobius_fuel":1,"minecraft:gravel":15,"minecraft:spruce_log":5,"minecraft:stone_axe":3,"minecraft:gray_wool":1,"minecraft:black_wool":2,"minecraft:coal":73,"minecraft:ender_pearl":1}},"DataVersion":3465}