{"stats":{"minecraft:mined":{"minecraft:dark_oak_planks":9,"minecraft:tuff":42,"minecraft:farmland":14,"dynamictrees:dark_oak_sapling":1,"minecraft:dark_oak_leaves":1,"minecraft:deepslate_diamond_ore":3,"minecraft:obsidian":2,"minecraft:cave_vines_plant":1,"minecraft:glow_lichen":3,"minecraft:granite":23,"gravestone:gravestone":8,"minecraft:grass_block":43,"minecraft:spruce_leaves":15,"minecraft:moss_block":2,"minecraft:rooted_dirt":1,"minecraft:large_fern":6,"minecraft:redstone_ore":6,"minecraft:furnace":1,"dynamictrees:dark_oak_leaves":55,"minecraft:iron_ore":31,"dynamictrees:rooty_grass_block":1,"minecraft:pumpkin":7,"dynamictrees:dark_oak_root":3,"minecraft:deepslate_lapis_ore":4,"dynamictrees:spruce_leaves":1,"minecraft:azure_bluet":2,"minecraft:deepslate_iron_ore":4,"minecraft:dirt_path":2,"minecraft:stone":466,"minecraft:deepslate_redstone_ore":13,"minecraft:brown_mushroom":5,"minecraft:powder_snow":4,"minecraft:clay":13,"minecraft:cornflower":1,"minecraft:crafting_table":2,"minecraft:torch":1,"minecraft:chest":1,"minecraft:rose_bush":3,"minecraft:copper_ore":14,"minecraft:tall_grass":1,"minecraft:cobblestone":6,"minecraft:deepslate_gold_ore":8,"minecraft:lapis_ore":1,"minecraft:oak_planks":15,"minecraft:sugar_cane":42,"mcwbridges:dark_oak_log_bridge_middle":10,"minecraft:diorite":45,"minecraft:wall_torch":2,"minecraft:air":6,"rftoolsbase:dimensionalshard_overworld":8,"minecraft:birch_log":49,"minecraft:wheat":50,"minecraft:sweet_berry_bush":5,"minecraft:spruce_log":5,"minecraft:birch_leaves":8,"minecraft:grass":14,"dynamictrees:dark_oak_branch":1,"minecraft:oak_log":128,"minecraft:coal_ore":52,"minecraft:beetroots":666,"minecraft:gravel":4,"minecraft:dirt":165,"minecraft:gold_ore":10,"minecraft:oak_leaves":24,"minecraft:deepslate":407,"minecraft:fern":2},"minecraft:picked_up":{"minecraft:wooden_axe":2,"minecraft:crafting_table":3,"minecraft:wheat":35,"minecraft:azure_bluet":2,"minecraft:chicken":3,"minecraft:clay_ball":52,"minecraft:brown_mushroom":5,"minecraft:wooden_pickaxe":1,"gravestone:obituary":18,"mcwbridges:dark_oak_log_bridge_middle":9,"minecraft:cornflower":1,"minecraft:moss_carpet":11,"minecraft:raw_copper":84,"minecraft:cooked_salmon":2,"minecraft:beetroot":288,"dynamictrees:dark_oak_seed":35,"minecraft:cobbled_deepslate":288,"mcwbridges:oak_log_bridge_middle":2,"minecraft:beef":1,"minecraft:oak_boat":1,"minecraft:rose_bush":3,"minecraft:azalea":1,"minecraft:iron_pickaxe":1,"minecraft:sugar_cane":67,"minecraft:chest":1,"minecraft:birch_sapling":38,"minecraft:furnace":2,"minecraft:egg":2,"minecraft:stick":128,"minecraft:raw_iron":34,"minecraft:oak_fence":2,"minecraft:torch":9,"minecraft:porkchop":12,"minecraft:diorite":89,"minecraft:redstone":99,"minecraft:dark_oak_planks":9,"minecraft:stone_sword":1,"minecraft:arrow":5,"projecte:collector_mk2":1,"minecraft:rotten_flesh":23,"minecraft:tropical_fish":8,"minecraft:beetroot_seeds":1133,"minecraft:glow_berries":1,"minecraft:mutton":14,"minecraft:white_wool":7,"minecraft:cobblestone":568,"minecraft:birch_log":104,"minecraft:feather":6,"minecraft:salmon":1,"minecraft:tuff":12,"minecraft:oak_log":127,"minecraft:lapis_lazuli":31,"minecraft:dirt":360,"minecraft:cooked_mutton":6,"minecraft:bone":3,"rftoolsbase:dimensionalshard":34,"minecraft:apple":3,"minecraft:wheat_seeds":120,"minecraft:raw_gold":26,"projecte:philosophers_stone":1,"minecraft:stone_pickaxe":1,"minecraft:glowstone_dust":6,"minecraft:moss_block":3,"minecraft:stone_hoe":2,"minecraft:oak_planks":69,"minecraft:oak_slab":7,"minecraft:pumpkin":7,"minecraft:sweet_berries":13,"projecte:mobius_fuel":1,"minecraft:gravel":9,"minecraft:spruce_log":5,"minecraft:dark_oak_log":110,"minecraft:diamond":4,"minecraft:stone_axe":3,"minecraft:granite":25,"minecraft:bone_meal":5,"minecraft:gray_wool":1,"minecraft:golden_horse_armor":3,"minecraft:bread":1,"minecraft:rooted_dirt":1,"minecraft:oak_sapling":70,"minecraft:black_wool":2,"minecraft:dark_oak_fence":1,"minecraft:coal":73,"minecraft:diamond_pickaxe":2},"minecraft:killed":{"minecraft:spider":1,"minecraft:chicken":3,"minecraft:tropical_fish":2,"minecraft:pig":7,"minecraft:salmon":2,"minecraft:bat":2,"minecraft:sheep":8,"minecraft:zombie":3,"minecraft:cow":1},"minecraft:used":{"minecraft:beetroot":8,"minecraft:stone_sword":107,"minecraft:iron_shovel":51,"minecraft:chest":3,"minecraft:shield":12,"minecraft:iron_sword":61,"minecraft:cooked_salmon":5,"minecraft:cooked_chicken":2,"minecraft:wooden_shovel":19,"minecraft:stone_hoe":133,"minecraft:torch":125,"minecraft:dirt":932,"mcwbridges:dark_oak_log_bridge_middle":9,"minecraft:dark_oak_planks":232,"minecraft:iron_hoe":237,"minecraft:wooden_axe":61,"minecraft:iron_axe":7,"minecraft:sweet_berries":12,"minecraft:oak_sapling":2,"minecraft:furnace":5,"minecraft:beetroot_seeds":1117,"minecraft:cooked_beef":7,"minecraft:cobbled_deepslate":8,"minecraft:cooked_mutton":22,"minecraft:wheat_seeds":58,"minecraft:water_bucket":61,"minecraft:stone_pickaxe":270,"minecraft:oak_planks":198,"minecraft:wooden_pickaxe":16,"minecraft:sugar_cane":31,"minecraft:red_bed":2,"minecraft:crafting_table":5,"minecraft:oak_log":4,"minecraft:diamond_pickaxe":314,"minecraft:apple":3,"minecraft:bread":1,"minecraft:iron_pickaxe":588,"minecraft:stone_axe":180,"projecte:philosophers_stone":69,"minecraft:cobblestone":219,"minecraft:bucket":63,"minecraft:oak_boat":2,"minecraft:bone_meal":38},"minecraft:killed_by":{"minecraft:creeper":2,"minecraft:skeleton":5,"minecraft:phantom":1},"minecraft:crafted":{"minecraft:oak_planks":260,"minecraft:cooked_chicken":2,"minecraft:furnace":3,"minecraft:cooked_mutton":1,"projecte:aeternalis_fuel":1,"minecraft:iron_boots":1,"minecraft:iron_axe":1,"minecraft:iron_hoe":1,"minecraft:stone_pickaxe":3,"minecraft:chest":2,"minecraft:dark_oak_planks":440,"minecraft:stone_hoe":1,"minecraft:cooked_beef":7,"minecraft:red_dye":6,"minecraft:wooden_shovel":1,"minecraft:crafting_table":3,"minecraft:wooden_pickaxe":1,"minecraft:iron_helmet":1,"minecraft:iron_sword":1,"minecraft:red_bed":2,"minecraft:red_wool":3,"minecraft:cooked_salmon":7,"minecraft:copper_ingot":24,"minecraft:gold_block":1,"minecraft:bucket":2,"minecraft:birch_planks":108,"minecraft:stone_axe":2,"minecraft:bread":5,"minecraft:air":0,"minecraft:oak_boat":1,"minecraft:iron_chestplate":1,"minecraft:charcoal":20,"minecraft:shield":1,"minecraft:stick":20,"minecraft:iron_ingot":65,"minecraft:iron_pickaxe":3,"minecraft:wooden_axe":2,"minecraft:stone_sword":1,"minecraft:iron_shovel":1,"minecraft:iron_leggings":1,"minecraft:white_bed":1,"minecraft:torch":196},"minecraft:broken":{"minecraft:stone_hoe":1,"minecraft:stone_pickaxe":2,"minecraft:stone_axe":1,"minecraft:iron_pickaxe":2},"minecraft:dropped":{"minecraft:stone_hoe":2,"minecraft:iron_ingot":4,"minecraft:bread":1,"minecraft:moss_block":3,"minecraft:golden_horse_armor":1,"minecraft:cobblestone":64,"projecte:collector_mk2":3,"minecraft:granite":12,"minecraft:stick":2,"minecraft:gold_block":1,"minecraft:dirt":127,"minecraft:diorite":89,"projecte:aeternalis_fuel":8,"minecraft:torch":32,"minecraft:wooden_axe":3,"gravestone:obituary":20,"minecraft:bone_meal":3,"minecraft:iron_pickaxe":2,"minecraft:birch_log":4,"minecraft:gold_ingot":11,"minecraft:redstone":1,"minecraft:gravel":5,"minecraft:stone_axe":2,"minecraft:moss_carpet":4,"minecraft:cobbled_deepslate":16,"minecraft:birch_sapling":30,"minecraft:rotten_flesh":9,"rftoolsbase:dimensionalshard":8,"minecraft:cooked_mutton":8,"minecraft:diamond_pickaxe":1,"minecraft:oak_sapling":34,"minecraft:wooden_shovel":1,"minecraft:raw_gold":8},"minecraft:custom":{"minecraft:mob_kills":29,"minecraft:interact_with_crafting_table":44,"minecraft:leave_game":7,"minecraft:time_since_death":8564,"minecraft:climb_one_cm":955,"minecraft:sprint_one_cm":915853,"minecraft:walk_one_cm":787197,"minecraft:damage_blocked_by_shield":555,"minecraft:drop":193,"minecraft:play_time":315745,"minecraft:sneak_time":8549,"minecraft:deaths":12,"minecraft:walk_under_water_one_cm":14979,"minecraft:boat_one_cm":228872,"minecraft:jump":4693,"minecraft:walk_on_water_one_cm":29581,"minecraft:total_world_time":315745,"minecraft:interact_with_furnace":59,"minecraft:sleep_in_bed":8,"minecraft:time_since_rest":8968,"minecraft:damage_taken":4976,"minecraft:damage_dealt":3994,"minecraft:player_kills":1,"minecraft:swim_one_cm":52444,"minecraft:fly_one_cm":618851,"minecraft:open_chest":41,"minecraft:crouch_one_cm":36560,"minecraft:fall_one_cm":90862}},"DataVersion":3465}