{"stats":{"minecraft:mined":{"minecraft:tuff":42,"minecraft:farmland":14,"dynamictrees:dark_oak_sapling":1,"minecraft:dark_oak_leaves":1,"minecraft:deepslate_diamond_ore":3,"minecraft:obsidian":4,"minecraft:cave_vines_plant":1,"minecraft:glow_lichen":3,"minecraft:granite":23,"gravestone:gravestone":8,"minecraft:grass_block":44,"minecraft:spruce_leaves":15,"minecraft:moss_block":4,"minecraft:rooted_dirt":1,"minecraft:large_fern":6,"projecte:condenser_mk1":2,"minecraft:redstone_ore":6,"minecraft:glowstone":5,"ironfurnaces:gold_furnace":1,"minecraft:furnace":1,"dynamictrees:dark_oak_leaves":55,"minecraft:iron_ore":32,"minecraft:cobbled_deepslate":1,"dynamictrees:rooty_grass_block":1,"minecraft:andesite":2,"minecraft:moss_carpet":1,"minecraft:pumpkin":7,"dynamictrees:dark_oak_root":3,"minecraft:deepslate_lapis_ore":4,"dynamictrees:spruce_leaves":1,"rftoolspower:coalgenerator":2,"minecraft:azure_bluet":2,"minecraft:dirt_path":2,"minecraft:deepslate_iron_ore":4,"minecraft:vine":2,"minecraft:azalea":1,"minecraft:stone":504,"minecraft:deepslate_redstone_ore":13,"minecraft:brown_mushroom":5,"minecraft:powder_snow":4,"minecraft:clay":14,"minecraft:cornflower":1,"minecraft:crafting_table":2,"minecraft:torch":1,"minecraft:chest":2,"minecraft:rose_bush":3,"minecraft:copper_ore":14,"minecraft:tall_grass":1,"minecraft:cobblestone":6,"projecte:relay_mk2":2,"minecraft:deepslate_gold_ore":8,"minecraft:lapis_ore":1,"minecraft:oak_planks":15,"minecraft:sugar_cane":146,"mcwbridges:dark_oak_log_bridge_middle":10,"minecraft:wall_torch":2,"minecraft:diorite":45,"minecraft:air":6,"rftoolsbase:dimensionalshard_overworld":9,"minecraft:birch_log":49,"minecraft:wheat":57,"minecraft:sweet_berry_bush":5,"minecraft:spruce_log":5,"minecraft:birch_leaves":8,"minecraft:grass":15,"dynamictrees:dark_oak_branch":1,"minecraft:coal_ore":52,"minecraft:oak_log":128,"minecraft:beetroots":1351,"minecraft:gravel":7,"minecraft:sand":2,"minecraft:dirt":169,"minecraft:gold_ore":10,"minecraft:deepslate":408,"minecraft:oak_leaves":24,"minecraft:fern":2,"minecraft:dark_oak_planks":9},"minecraft:picked_up":{"minecraft:wooden_axe":2,"minecraft:crafting_table":3,"minecraft:wheat":38,"minecraft:azure_bluet":2,"minecraft:chicken":3,"minecraft:clay_ball":56,"minecraft:brown_mushroom":5,"minecraft:diamond_sword":1,"minecraft:wooden_pickaxe":1,"projecte:condenser_mk1":2,"gravestone:obituary":22,"projecte:relay_mk2":2,"mcwbridges:dark_oak_log_bridge_middle":9,"minecraft:cornflower":1,"minecraft:moss_carpet":16,"minecraft:raw_copper":84,"minecraft:cooked_salmon":2,"minecraft:beetroot":800,"dynamictrees:dark_oak_seed":35,"minecraft:cobbled_deepslate":354,"mcwbridges:oak_log_bridge_middle":2,"minecraft:beef":7,"minecraft:oak_boat":1,"minecraft:rose_bush":3,"minecraft:azalea":3,"minecraft:iron_pickaxe":1,"minecraft:sugar_cane":184,"minecraft:chest":2,"minecraft:birch_sapling":38,"minecraft:phantom_membrane":2,"minecraft:furnace":2,"minecraft:egg":4,"minecraft:stick":128,"minecraft:raw_iron":35,"minecraft:oak_fence":2,"minecraft:torch":10,"minecraft:porkchop":12,"minecraft:diorite":89,"minecraft:redstone":99,"minecraft:dark_oak_planks":9,"minecraft:stone_sword":1,"minecraft:arrow":5,"projecte:collector_mk2":1,"minecraft:rotten_flesh":23,"minecraft:tropical_fish":13,"minecraft:beetroot_seeds":2663,"ironfurnaces:gold_furnace":1,"minecraft:gold_ingot":25,"minecraft:glow_berries":1,"minecraft:obsidian":1,"minecraft:mutton":14,"minecraft:white_wool":7,"minecraft:cobblestone":605,"minecraft:birch_log":104,"minecraft:feather":6,"rftoolspower:coalgenerator":2,"minecraft:andesite":2,"minecraft:salmon":1,"minecraft:leather":2,"minecraft:tuff":12,"minecraft:oak_log":127,"minecraft:lapis_lazuli":31,"minecraft:dirt":365,"minecraft:cooked_mutton":6,"minecraft:bone":3,"rftoolsbase:dimensionalshard":34,"minecraft:apple":3,"minecraft:iron_ingot":1,"minecraft:wheat_seeds":135,"minecraft:raw_gold":26,"projecte:philosophers_stone":1,"minecraft:stone_pickaxe":1,"minecraft:glowstone_dust":19,"minecraft:moss_block":16,"minecraft:stone_hoe":2,"minecraft:iron_sword":2,"minecraft:oak_planks":69,"minecraft:flowering_azalea":1,"minecraft:oak_slab":7,"minecraft:pumpkin":7,"minecraft:sweet_berries":13,"projecte:mobius_fuel":1,"minecraft:gravel":12,"minecraft:sand":2,"minecraft:spruce_log":5,"minecraft:dark_oak_log":110,"minecraft:diamond":4,"minecraft:stone_axe":3,"minecraft:granite":25,"minecraft:bone_meal":5,"minecraft:gray_wool":1,"minecraft:golden_horse_armor":3,"minecraft:bread":1,"minecraft:charcoal":63,"minecraft:rooted_dirt":1,"minecraft:oak_sapling":70,"minecraft:black_wool":2,"minecraft:dark_oak_fence":1,"minecraft:coal":73,"minecraft:ender_pearl":1,"minecraft:diamond_pickaxe":4},"minecraft:killed":{"minecraft:spider":1,"minecraft:phantom":2,"minecraft:chicken":3,"minecraft:tropical_fish":2,"minecraft:pig":7,"minecraft:salmon":2,"minecraft:bat":2,"minecraft:sheep":8,"minecraft:zombie":5,"minecraft:cow":3},"minecraft:used":{"minecraft:moss_block":11,"minecraft:beetroot":8,"minecraft:stone_sword":107,"minecraft:iron_shovel":54,"rftoolspower:coalgenerator":2,"minecraft:chest":5,"minecraft:shield":15,"projecte:relay_mk2":2,"minecraft:iron_sword":71,"minecraft:cooked_salmon":5,"minecraft:cooked_chicken":2,"minecraft:wooden_shovel":19,"minecraft:stone_hoe":133,"minecraft:torch":129,"minecraft:dirt":937,"mcwbridges:dark_oak_log_bridge_middle":9,"minecraft:obsidian":2,"minecraft:dark_oak_planks":232,"minecraft:iron_hoe":237,"minecraft:wooden_axe":61,"minecraft:iron_axe":9,"ironfurnaces:crystal_furnace":1,"minecraft:glowstone":1,"minecraft:sweet_berries":12,"minecraft:oak_sapling":2,"minecraft:furnace":5,"minecraft:beetroot_seeds":1810,"minecraft:cooked_beef":7,"minecraft:cobbled_deepslate":38,"minecraft:cooked_mutton":39,"minecraft:wheat_seeds":58,"minecraft:water_bucket":97,"minecraft:stone_pickaxe":270,"minecraft:oak_planks":198,"minecraft:wooden_pickaxe":16,"minecraft:sugar_cane":34,"minecraft:red_bed":2,"minecraft:crafting_table":5,"minecraft:oak_log":4,"minecraft:diamond_pickaxe":373,"minecraft:apple":3,"minecraft:iron_pickaxe":588,"minecraft:bread":1,"minecraft:gravel":3,"minecraft:stone_axe":180,"projecte:philosophers_stone":69,"minecraft:diamond_sword":7,"minecraft:cobblestone":259,"minecraft:bucket":99,"projecte:condenser_mk1":2,"minecraft:oak_boat":2,"minecraft:bone_meal":38},"minecraft:killed_by":{"minecraft:creeper":2,"minecraft:skeleton":5,"minecraft:phantom":1},"minecraft:crafted":{"minecraft:brick":12,"minecraft:oak_planks":260,"minecraft:cooked_chicken":2,"minecraft:furnace":3,"ironfurnaces:diamond_furnace":1,"minecraft:diamond_block":3,"minecraft:cooked_mutton":1,"minecraft:glass":3,"projecte:aeternalis_fuel":1,"minecraft:diamond_helmet":1,"minecraft:diamond_leggings":1,"minecraft:iron_boots":1,"minecraft:iron_axe":1,"projecte:relay_mk2":1,"projecte:relay_mk1":1,"minecraft:iron_hoe":1,"minecraft:stone_pickaxe":3,"minecraft:chest":3,"minecraft:diamond_boots":1,"minecraft:dark_oak_planks":440,"minecraft:stone_hoe":1,"minecraft:ender_eye":1,"projecte:dark_matter":2,"minecraft:cooked_beef":7,"minecraft:red_dye":6,"minecraft:deepslate":8,"minecraft:wooden_shovel":1,"minecraft:diamond_sword":1,"minecraft:crafting_table":3,"minecraft:wooden_pickaxe":1,"minecraft:iron_helmet":1,"minecraft:iron_sword":1,"minecraft:red_bed":2,"minecraft:red_wool":3,"minecraft:cooked_salmon":7,"minecraft:copper_ingot":37,"minecraft:gold_block":1,"minecraft:bucket":2,"minecraft:birch_planks":120,"minecraft:glowstone":1,"minecraft:stone_axe":2,"minecraft:bread":5,"minecraft:air":0,"minecraft:oak_boat":1,"minecraft:iron_chestplate":1,"minecraft:charcoal":20,"minecraft:shield":1,"ironfurnaces:crystal_furnace":1,"minecraft:stick":20,"minecraft:iron_ingot":65,"minecraft:iron_pickaxe":3,"minecraft:wooden_axe":2,"minecraft:stone_sword":1,"minecraft:iron_shovel":1,"minecraft:iron_leggings":1,"minecraft:gold_ingot":10,"minecraft:white_bed":1,"minecraft:torch":196,"minecraft:diamond_chestplate":1},"minecraft:broken":{"minecraft:stone_hoe":1,"minecraft:stone_pickaxe":2,"minecraft:stone_axe":1,"minecraft:iron_pickaxe":2},"minecraft:dropped":{"minecraft:stone_hoe":2,"minecraft:iron_ingot":4,"minecraft:bread":1,"minecraft:iron_sword":1,"minecraft:moss_block":3,"minecraft:ender_pearl":1,"minecraft:golden_horse_armor":1,"minecraft:cobblestone":64,"projecte:collector_mk2":3,"minecraft:granite":12,"minecraft:stick":2,"minecraft:gold_block":1,"minecraft:dirt":127,"minecraft:diorite":89,"projecte:aeternalis_fuel":8,"minecraft:torch":32,"minecraft:wooden_axe":3,"gravestone:obituary":28,"minecraft:bone_meal":3,"minecraft:iron_pickaxe":2,"minecraft:birch_log":4,"minecraft:gold_ingot":49,"minecraft:redstone":1,"minecraft:gravel":5,"minecraft:stone_axe":2,"minecraft:moss_carpet":4,"minecraft:sugar_cane":2,"minecraft:cobbled_deepslate":16,"minecraft:birch_sapling":30,"minecraft:rotten_flesh":9,"rftoolsbase:dimensionalshard":9,"minecraft:cooked_mutton":8,"minecraft:diamond_sword":1,"minecraft:diamond_pickaxe":4,"minecraft:andesite":1,"minecraft:oak_sapling":34,"minecraft:wooden_shovel":1,"minecraft:raw_gold":8},"minecraft:custom":{"minecraft:mob_kills":35,"minecraft:interact_with_crafting_table":54,"minecraft:leave_game":8,"minecraft:time_since_death":128021,"minecraft:climb_one_cm":1115,"minecraft:sprint_one_cm":1288679,"minecraft:walk_one_cm":965780,"minecraft:damage_blocked_by_shield":720,"minecraft:drop":249,"minecraft:play_time":435202,"minecraft:sneak_time":8948,"minecraft:deaths":12,"minecraft:walk_under_water_one_cm":27030,"minecraft:boat_one_cm":228872,"minecraft:jump":6400,"minecraft:walk_on_water_one_cm":36095,"minecraft:total_world_time":435202,"minecraft:interact_with_furnace":78,"minecraft:sleep_in_bed":11,"minecraft:time_since_rest":35027,"minecraft:damage_taken":5528,"minecraft:damage_dealt":4681,"minecraft:player_kills":1,"minecraft:swim_one_cm":68800,"minecraft:fly_one_cm":856115,"minecraft:open_chest":98,"minecraft:crouch_one_cm":37114,"minecraft:fall_one_cm":129587}},"DataVersion":3465}