{"stats":{"minecraft:mined":{"minecraft:dark_oak_planks":7,"minecraft:tuff":36,"dynamictrees:dark_oak_sapling":1,"minecraft:dark_oak_leaves":1,"minecraft:cave_vines_plant":1,"minecraft:glow_lichen":3,"gravestone:gravestone":4,"minecraft:granite":21,"minecraft:grass_block":14,"minecraft:spruce_leaves":15,"minecraft:moss_block":2,"minecraft:rooted_dirt":1,"minecraft:large_fern":6,"minecraft:redstone_ore":6,"minecraft:furnace":1,"dynamictrees:dark_oak_leaves":34,"minecraft:iron_ore":31,"dynamictrees:dark_oak_root":3,"minecraft:deepslate_lapis_ore":4,"dynamictrees:spruce_leaves":1,"minecraft:azure_bluet":2,"minecraft:deepslate_iron_ore":4,"minecraft:dirt_path":2,"minecraft:stone":392,"minecraft:deepslate_redstone_ore":13,"minecraft:brown_mushroom":5,"minecraft:powder_snow":4,"minecraft:clay":6,"minecraft:crafting_table":2,"minecraft:cornflower":1,"minecraft:torch":1,"minecraft:chest":1,"minecraft:rose_bush":3,"minecraft:tall_grass":1,"minecraft:copper_ore":12,"minecraft:cobblestone":5,"minecraft:deepslate_gold_ore":8,"minecraft:lapis_ore":1,"mcwbridges:dark_oak_log_bridge_middle":10,"minecraft:sugar_cane":8,"minecraft:oak_planks":15,"minecraft:diorite":45,"minecraft:wall_torch":2,"minecraft:air":6,"rftoolsbase:dimensionalshard_overworld":6,"minecraft:birch_log":49,"minecraft:sweet_berry_bush":5,"minecraft:spruce_log":5,"minecraft:birch_leaves":8,"minecraft:grass":6,"minecraft:coal_ore":52,"minecraft:oak_log":128,"dynamictrees:dark_oak_branch":1,"minecraft:gravel":4,"minecraft:dirt":25,"minecraft:oak_leaves":24,"minecraft:deepslate":191,"minecraft:fern":2},"minecraft:picked_up":{"minecraft:wooden_axe":2,"minecraft:crafting_table":3,"minecraft:azure_bluet":2,"minecraft:clay_ball":24,"minecraft:brown_mushroom":5,"minecraft:wooden_pickaxe":1,"gravestone:obituary":4,"mcwbridges:dark_oak_log_bridge_middle":9,"minecraft:cornflower":1,"minecraft:raw_copper":80,"minecraft:moss_carpet":4,"minecraft:cooked_salmon":2,"dynamictrees:dark_oak_seed":11,"mcwbridges:oak_log_bridge_middle":2,"minecraft:cobbled_deepslate":73,"minecraft:beef":1,"minecraft:oak_boat":1,"minecraft:rose_bush":3,"minecraft:iron_pickaxe":1,"minecraft:sugar_cane":23,"minecraft:chest":1,"minecraft:birch_sapling":38,"minecraft:furnace":2,"minecraft:stick":66,"minecraft:raw_iron":34,"minecraft:oak_fence":2,"minecraft:torch":6,"minecraft:porkchop":12,"minecraft:diorite":89,"minecraft:redstone":99,"minecraft:dark_oak_planks":7,"minecraft:stone_sword":1,"minecraft:arrow":2,"minecraft:rotten_flesh":16,"minecraft:tropical_fish":8,"minecraft:glow_berries":1,"minecraft:mutton":7,"minecraft:white_wool":5,"minecraft:cobblestone":489,"minecraft:birch_log":100,"minecraft:salmon":1,"minecraft:tuff":8,"minecraft:oak_log":127,"minecraft:lapis_lazuli":31,"minecraft:dirt":208,"minecraft:cooked_mutton":2,"rftoolsbase:dimensionalshard":25,"minecraft:apple":3,"minecraft:wheat_seeds":1,"minecraft:raw_gold":8,"minecraft:stone_pickaxe":1,"minecraft:moss_block":3,"minecraft:oak_planks":69,"minecraft:oak_slab":7,"minecraft:sweet_berries":13,"minecraft:gravel":5,"minecraft:spruce_log":5,"minecraft:dark_oak_log":51,"minecraft:stone_axe":2,"minecraft:granite":22,"minecraft:bone_meal":3,"minecraft:gray_wool":1,"minecraft:golden_horse_armor":3,"minecraft:rooted_dirt":1,"minecraft:oak_sapling":70,"minecraft:dark_oak_fence":1,"minecraft:coal":73,"minecraft:diamond_pickaxe":1},"minecraft:killed":{"minecraft:spider":1,"minecraft:tropical_fish":2,"minecraft:pig":7,"minecraft:salmon":2,"minecraft:bat":1,"minecraft:sheep":4,"minecraft:cow":1},"minecraft:used":{"minecraft:stone_sword":107,"minecraft:chest":3,"minecraft:wooden_shovel":19,"minecraft:cooked_salmon":5,"minecraft:torch":116,"minecraft:dirt":6,"mcwbridges:dark_oak_log_bridge_middle":9,"minecraft:dark_oak_planks":211,"minecraft:wooden_axe":61,"minecraft:sweet_berries":12,"minecraft:oak_sapling":2,"minecraft:furnace":5,"minecraft:cooked_beef":7,"minecraft:cobbled_deepslate":8,"minecraft:cooked_mutton":3,"minecraft:stone_pickaxe":270,"minecraft:oak_planks":198,"minecraft:wooden_pickaxe":16,"minecraft:crafting_table":5,"minecraft:red_bed":1,"minecraft:oak_log":4,"minecraft:apple":3,"minecraft:iron_pickaxe":577,"minecraft:stone_axe":179,"minecraft:cobblestone":162,"minecraft:oak_boat":2},"minecraft:killed_by":{"minecraft:creeper":1,"minecraft:skeleton":4},"minecraft:crafted":{"minecraft:oak_planks":260,"minecraft:furnace":3,"minecraft:cooked_mutton":1,"minecraft:stone_pickaxe":3,"minecraft:chest":2,"minecraft:dark_oak_planks":204,"minecraft:cooked_beef":7,"minecraft:red_dye":6,"minecraft:wooden_shovel":1,"minecraft:crafting_table":3,"minecraft:wooden_pickaxe":1,"minecraft:red_bed":1,"minecraft:cooked_salmon":7,"minecraft:birch_planks":108,"minecraft:stone_axe":2,"minecraft:air":0,"minecraft:oak_boat":1,"minecraft:iron_chestplate":1,"minecraft:charcoal":19,"minecraft:shield":1,"minecraft:stick":20,"minecraft:iron_ingot":18,"minecraft:iron_pickaxe":3,"minecraft:wooden_axe":2,"minecraft:stone_sword":1,"minecraft:white_bed":1,"minecraft:torch":196},"minecraft:broken":{"minecraft:stone_pickaxe":2,"minecraft:stone_axe":1,"minecraft:iron_pickaxe":2},"minecraft:dropped":{"minecraft:moss_block":3,"minecraft:golden_horse_armor":1,"minecraft:cobblestone":64,"minecraft:granite":1,"minecraft:stick":2,"minecraft:dirt":127,"minecraft:diorite":89,"minecraft:torch":32,"minecraft:wooden_axe":3,"gravestone:obituary":6,"minecraft:iron_pickaxe":2,"minecraft:redstone":1,"minecraft:gravel":1,"minecraft:stone_axe":1,"minecraft:moss_carpet":4,"minecraft:cobbled_deepslate":16,"minecraft:birch_sapling":30,"minecraft:rotten_flesh":6,"rftoolsbase:dimensionalshard":8,"minecraft:wooden_shovel":1,"minecraft:oak_sapling":34},"minecraft:custom":{"minecraft:mob_kills":18,"minecraft:interact_with_crafting_table":26,"minecraft:leave_game":4,"minecraft:time_since_death":42284,"minecraft:climb_one_cm":465,"minecraft:sprint_one_cm":413995,"minecraft:walk_one_cm":307753,"minecraft:drop":135,"minecraft:play_time":151597,"minecraft:deaths":8,"minecraft:sneak_time":2873,"minecraft:walk_under_water_one_cm":3977,"minecraft:boat_one_cm":228872,"minecraft:jump":2520,"minecraft:walk_on_water_one_cm":20886,"minecraft:total_world_time":151597,"minecraft:interact_with_furnace":25,"minecraft:sleep_in_bed":1,"minecraft:time_since_rest":42310,"minecraft:damage_taken":3118,"minecraft:damage_dealt":2064,"minecraft:swim_one_cm":36309,"minecraft:fly_one_cm":294984,"minecraft:player_kills":1,"minecraft:open_chest":4,"minecraft:crouch_one_cm":10583,"minecraft:fall_one_cm":57246}},"DataVersion":3465}