{"stats":{"minecraft:crafted":{"minecraft:brick":12,"minecraft:oak_planks":260,"minecraft:cooked_chicken":2,"minecraft:bookshelf":21,"ironfurnaces:diamond_furnace":1,"minecraft:cooked_mutton":1,"minecraft:glass":3,"minecraft:diamond_helmet":1,"minecraft:diamond_leggings":1,"minecraft:iron_boots":1,"minecraft:chest":3,"minecraft:stone_hoe":1,"minecraft:ender_eye":1,"projecte:dark_matter":2,"minecraft:deepslate":8,"minecraft:wooden_shovel":1,"projecte:red_matter":1,"minecraft:crafting_table":3,"minecraft:wooden_pickaxe":1,"minecraft:iron_helmet":1,"minecraft:red_wool":3,"minecraft:copper_ingot":63,"minecraft:gold_block":1,"minecraft:birch_planks":376,"minecraft:iron_chestplate":1,"minecraft:book":2,"minecraft:paper":6,"minecraft:charcoal":20,"minecraft:shield":1,"ironfurnaces:crystal_furnace":1,"minecraft:stick":20,"minecraft:iron_ingot":66,"minecraft:iron_pickaxe":3,"minecraft:iron_block":3,"minecraft:stone_sword":1,"minecraft:gold_ingot":10,"minecraft:furnace":3,"minecraft:diamond_block":3,"projecte:aeternalis_fuel":1,"minecraft:iron_axe":1,"projecte:relay_mk1":1,"minecraft:iron_hoe":1,"projecte:relay_mk2":1,"minecraft:stone_pickaxe":3,"minecraft:diamond_boots":1,"minecraft:dark_oak_planks":440,"minecraft:cooked_beef":7,"minecraft:red_dye":6,"minecraft:diamond_sword":1,"minecraft:enchanting_table":1,"minecraft:iron_sword":1,"minecraft:red_bed":2,"minecraft:cooked_salmon":7,"minecraft:bucket":2,"minecraft:stone_axe":2,"minecraft:glowstone":7,"minecraft:bread":5,"minecraft:air":0,"projecte:relay_mk3":1,"minecraft:oak_boat":1,"minecraft:wooden_axe":2,"minecraft:iron_shovel":1,"minecraft:iron_leggings":1,"minecraft:anvil":1,"minecraft:white_bed":1,"minecraft:torch":196,"minecraft:diamond_chestplate":1},"minecraft:dropped":{"minecraft:iron_sword":1,"minecraft:moss_block":3,"minecraft:ender_pearl":1,"minecraft:leather":2,"minecraft:gold_block":1,"minecraft:dirt":127,"gravestone:obituary":28,"minecraft:bone_meal":3,"minecraft:iron_pickaxe":2,"minecraft:birch_log":4,"minecraft:gold_ingot":49,"minecraft:gravel":13,"minecraft:stone_axe":2,"minecraft:sugar_cane":2,"minecraft:cobbled_deepslate":32,"minecraft:birch_sapling":30,"minecraft:rotten_flesh":9,"rftoolsbase:dimensionalshard":9,"minecraft:cooked_mutton":12,"minecraft:stone_hoe":2,"minecraft:iron_ingot":4,"minecraft:bread":1,"minecraft:golden_horse_armor":1,"minecraft:cobblestone":70,"projecte:collector_mk2":3,"minecraft:granite":12,"minecraft:stick":2,"minecraft:diorite":89,"projecte:aeternalis_fuel":8,"minecraft:torch":32,"minecraft:wooden_axe":3,"projecte:dark_matter":5,"minecraft:iron_axe":1,"minecraft:redstone":1,"projecte:red_matter":1,"minecraft:moss_carpet":5,"minecraft:raw_copper":9,"minecraft:pumpkin_seeds":9,"minecraft:diamond_sword":1,"minecraft:diamond_pickaxe":5,"minecraft:andesite":1,"minecraft:oak_sapling":34,"minecraft:wooden_shovel":1,"minecraft:bow":1,"minecraft:raw_gold":8},"minecraft:killed_by":{"minecraft:creeper":2,"minecraft:skeleton":5,"minecraft:phantom":1},"minecraft:broken":{"minecraft:stone_pickaxe":2,"minecraft:stone_axe":1,"minecraft:stone_hoe":1,"minecraft:shield":1,"minecraft:iron_pickaxe":2},"minecraft:custom":{"minecraft:interact_with_crafting_table":63,"minecraft:leave_game":12,"minecraft:time_since_death":299109,"minecraft:sprint_one_cm":1728501,"minecraft:damage_blocked_by_shield":2910,"minecraft:drop":269,"minecraft:play_time":606290,"minecraft:deaths":12,"minecraft:jump":8546,"minecraft:walk_on_water_one_cm":62076,"minecraft:enchant_item":8,"minecraft:interact_with_furnace":84,"minecraft:sleep_in_bed":14,"minecraft:damage_dealt":5391,"minecraft:player_kills":1,"minecraft:crouch_one_cm":37887,"minecraft:mob_kills":51,"minecraft:interact_with_anvil":6,"minecraft:climb_one_cm":4053,"minecraft:walk_one_cm":1351973,"minecraft:sneak_time":9475,"minecraft:walk_under_water_one_cm":45603,"minecraft:boat_one_cm":228872,"minecraft:total_world_time":606290,"minecraft:time_since_rest":97267,"minecraft:damage_taken":6712,"minecraft:swim_one_cm":78449,"minecraft:fly_one_cm":1054771,"minecraft:open_chest":129,"minecraft:fall_one_cm":163096},"minecraft:used":{"minecraft:beetroot":9,"minecraft:moss_block":11,"minecraft:iron_shovel":92,"rftoolspower:coalgenerator":2,"minecraft:chest":5,"minecraft:shield":43,"minecraft:iron_sword":71,"mcwbridges:dark_oak_log_bridge_middle":9,"minecraft:obsidian":2,"ironfurnaces:crystal_furnace":1,"minecraft:bow":45,"minecraft:sweet_berries":12,"minecraft:furnace":5,"minecraft:oak_sapling":2,"minecraft:beetroot_seeds":1829,"minecraft:stone_pickaxe":270,"minecraft:oak_planks":198,"minecraft:wooden_pickaxe":16,"minecraft:sugar_cane":39,"minecraft:bread":1,"projecte:relay_mk3":2,"minecraft:gravel":3,"minecraft:diamond_sword":597,"minecraft:oak_boat":2,"minecraft:bone_meal":38,"minecraft:enchanting_table":5,"minecraft:stone_sword":107,"minecraft:cooked_salmon":5,"minecraft:wooden_shovel":19,"projecte:relay_mk2":3,"minecraft:stone_hoe":133,"minecraft:cooked_chicken":2,"minecraft:torch":205,"minecraft:dirt":940,"minecraft:anvil":1,"minecraft:iron_hoe":239,"minecraft:wooden_axe":61,"minecraft:dark_oak_planks":232,"minecraft:bookshelf":25,"minecraft:iron_axe":18,"minecraft:diamond_chestplate":1,"minecraft:glowstone":7,"projecte:collector_mk3":3,"minecraft:cooked_beef":7,"minecraft:cobbled_deepslate":143,"minecraft:wheat_seeds":747,"minecraft:cooked_mutton":65,"minecraft:water_bucket":136,"minecraft:birch_planks":5,"minecraft:crafting_table":5,"minecraft:red_bed":2,"projecte:collector_mk2":5,"minecraft:oak_log":4,"minecraft:diamond_pickaxe":762,"minecraft:apple":3,"minecraft:iron_pickaxe":588,"minecraft:stone_axe":180,"projecte:philosophers_stone":128,"minecraft:cobblestone":301,"minecraft:bucket":138,"projecte:condenser_mk1":2},"minecraft:mined":{"minecraft:farmland":14,"minecraft:obsidian":4,"minecraft:cave_vines_plant":1,"minecraft:granite":23,"minecraft:grass_block":46,"projecte:condenser_mk1":2,"minecraft:glowstone":32,"ironfurnaces:gold_furnace":1,"minecraft:iron_ore":42,"minecraft:cobbled_deepslate":8,"dynamictrees:rooty_grass_block":1,"minecraft:pumpkin":7,"minecraft:moss_carpet":2,"minecraft:deepslate_lapis_ore":4,"minecraft:azure_bluet":2,"minecraft:enchanting_table":4,"minecraft:dirt_path":2,"minecraft:azalea":3,"minecraft:deepslate_redstone_ore":25,"minecraft:brown_mushroom":5,"minecraft:powder_snow":4,"minecraft:clay":46,"minecraft:torch":1,"minecraft:chest":2,"minecraft:cobblestone":7,"projecte:collector_mk2":8,"mcwbridges:dark_oak_log_bridge_middle":10,"minecraft:sugar_cane":246,"minecraft:oak_planks":15,"minecraft:wall_torch":3,"rftoolsbase:dimensionalshard_overworld":20,"projecte:collector_mk3":1,"minecraft:birch_log":49,"minecraft:wheat":57,"minecraft:grass":22,"minecraft:oak_log":128,"dynamictrees:dark_oak_branch":1,"minecraft:beetroots":2051,"minecraft:sand":2,"minecraft:dirt":175,"minecraft:oak_leaves":24,"minecraft:deepslate":556,"minecraft:tuff":42,"dynamictrees:dark_oak_sapling":1,"minecraft:dark_oak_leaves":1,"minecraft:deepslate_diamond_ore":7,"gravestone:gravestone":8,"minecraft:glow_lichen":6,"minecraft:spruce_leaves":15,"minecraft:moss_block":11,"minecraft:rooted_dirt":1,"minecraft:large_fern":6,"minecraft:redstone_ore":7,"minecraft:furnace":1,"dynamictrees:dark_oak_leaves":55,"minecraft:andesite":22,"dynamictrees:dark_oak_root":3,"dynamictrees:spruce_leaves":1,"rftoolspower:coalgenerator":6,"minecraft:bookshelf":9,"minecraft:deepslate_iron_ore":7,"minecraft:vine":3,"minecraft:stone":617,"projecte:relay_mk3":1,"minecraft:flowering_azalea":2,"minecraft:crafting_table":2,"minecraft:cornflower":1,"minecraft:rose_bush":3,"minecraft:tall_grass":3,"minecraft:copper_ore":15,"minecraft:deepslate_coal_ore":1,"minecraft:lapis_ore":1,"minecraft:deepslate_gold_ore":17,"minecraft:diorite":49,"projecte:relay_mk2":3,"minecraft:big_dripleaf":1,"minecraft:air":6,"minecraft:birch_planks":4,"minecraft:sweet_berry_bush":5,"minecraft:spruce_log":5,"minecraft:birch_leaves":8,"minecraft:coal_ore":52,"minecraft:gravel":23,"minecraft:gold_ore":10,"minecraft:fern":2,"minecraft:dark_oak_planks":9},"minecraft:killed":{"minecraft:cave_spider":2,"minecraft:spider":2,"minecraft:skeleton":1,"minecraft:chicken":3,"minecraft:tropical_fish":2,"minecraft:pig":7,"minecraft:salmon":2,"minecraft:creeper":1,"minecraft:sheep":8,"minecraft:zombie":12,"minecraft:cow":4,"minecraft:phantom":2,"minecraft:drowned":1,"minecraft:bat":2,"minecraft:enderman":1},"minecraft:picked_up":{"minecraft:wooden_axe":2,"minecraft:wheat":38,"minecraft:diamond_sword":1,"projecte:condenser_mk1":2,"mcwbridges:dark_oak_log_bridge_middle":9,"minecraft:string":5,"minecraft:raw_copper":93,"minecraft:cooked_salmon":2,"minecraft:beetroot":1492,"dynamictrees:dark_oak_seed":35,"mcwbridges:oak_log_bridge_middle":2,"minecraft:cobbled_deepslate":505,"minecraft:rose_bush":3,"minecraft:azalea":8,"minecraft:iron_pickaxe":1,"minecraft:furnace":2,"minecraft:stick":128,"minecraft:big_dripleaf":2,"minecraft:oak_fence":2,"minecraft:torch":14,"projecte:dark_matter":4,"minecraft:porkchop":12,"minecraft:diorite":93,"projecte:red_matter":1,"minecraft:stone_sword":1,"minecraft:rotten_flesh":28,"minecraft:tropical_fish":13,"minecraft:obsidian":1,"minecraft:cobblestone":720,"minecraft:birch_log":104,"minecraft:enchanting_table":4,"minecraft:feather":8,"minecraft:andesite":12,"minecraft:flint":1,"minecraft:tuff":12,"minecraft:dirt":370,"minecraft:lapis_lazuli":63,"projecte:collector_mk3":1,"minecraft:bone":4,"minecraft:bow":1,"minecraft:wheat_seeds":136,"minecraft:raw_gold":35,"projecte:philosophers_stone":1,"minecraft:glowstone_dust":100,"minecraft:moss_block":34,"minecraft:stone_hoe":2,"minecraft:oak_planks":69,"minecraft:sand":2,"minecraft:dark_oak_log":110,"minecraft:diamond":9,"minecraft:granite":25,"minecraft:bone_meal":5,"minecraft:golden_horse_armor":3,"minecraft:bread":1,"minecraft:rooted_dirt":1,"minecraft:oak_sapling":70,"minecraft:dark_oak_fence":1,"minecraft:diamond_pickaxe":5,"minecraft:charcoal":63,"minecraft:crafting_table":3,"minecraft:azure_bluet":2,"minecraft:chicken":3,"minecraft:clay_ball":182,"minecraft:chest_minecart":2,"minecraft:brown_mushroom":5,"minecraft:wooden_pickaxe":1,"gravestone:obituary":22,"projecte:relay_mk3":1,"projecte:relay_mk2":3,"minecraft:cornflower":1,"minecraft:moss_carpet":31,"minecraft:iron_axe":1,"minecraft:beef":9,"minecraft:oak_boat":1,"minecraft:birch_sapling":38,"minecraft:sugar_cane":321,"minecraft:chest":2,"minecraft:phantom_membrane":2,"minecraft:egg":4,"minecraft:raw_iron":48,"minecraft:redstone":157,"minecraft:dark_oak_planks":9,"projecte:collector_mk2":9,"minecraft:arrow":10,"minecraft:beetroot_seeds":4520,"ironfurnaces:gold_furnace":1,"minecraft:gold_ingot":25,"minecraft:glow_berries":4,"minecraft:mutton":14,"minecraft:white_wool":7,"minecraft:salmon":1,"rftoolspower:coalgenerator":6,"minecraft:leather":4,"minecraft:birch_planks":4,"minecraft:oak_log":127,"minecraft:golden_boots":1,"minecraft:gunpowder":1,"minecraft:cooked_mutton":6,"rftoolsbase:dimensionalshard":85,"minecraft:apple":3,"minecraft:iron_ingot":1,"minecraft:stone_pickaxe":1,"minecraft:flowering_azalea":3,"minecraft:iron_sword":2,"minecraft:book":27,"minecraft:oak_slab":7,"minecraft:pumpkin":7,"minecraft:sweet_berries":13,"projecte:mobius_fuel":1,"minecraft:gravel":26,"minecraft:spruce_log":5,"minecraft:spider_eye":1,"minecraft:pumpkin_seeds":5,"minecraft:stone_axe":3,"minecraft:gray_wool":1,"minecraft:black_wool":2,"minecraft:coal":74,"minecraft:ender_pearl":1}},"DataVersion":3465}