{"stats":{"minecraft:crafted":{"minecraft:brick":12,"minecraft:oak_planks":260,"minecraft:cooked_chicken":2,"minecraft:bookshelf":21,"ironfurnaces:diamond_furnace":1,"minecraft:cooked_mutton":1,"minecraft:glass":3,"minecraft:diamond_helmet":1,"minecraft:diamond_leggings":1,"minecraft:iron_boots":1,"minecraft:chest":3,"minecraft:stone_hoe":1,"minecraft:ender_eye":1,"projecte:dark_matter":2,"minecraft:deepslate":8,"minecraft:wooden_shovel":1,"projecte:red_matter":1,"minecraft:crafting_table":3,"minecraft:wooden_pickaxe":1,"minecraft:iron_helmet":1,"minecraft:red_wool":3,"minecraft:clock":1,"minecraft:copper_ingot":63,"minecraft:gold_block":1,"minecraft:birch_planks":376,"minecraft:iron_chestplate":1,"minecraft:book":2,"minecraft:paper":6,"minecraft:charcoal":20,"minecraft:shield":1,"ironfurnaces:crystal_furnace":1,"minecraft:stick":20,"minecraft:iron_ingot":78,"minecraft:iron_pickaxe":3,"minecraft:iron_block":3,"minecraft:stone_sword":1,"minecraft:gold_ingot":10,"minecraft:furnace":3,"minecraft:flint_and_steel":1,"minecraft:diamond_block":3,"projecte:aeternalis_fuel":1,"minecraft:iron_axe":1,"projecte:relay_mk1":1,"minecraft:iron_hoe":1,"projecte:relay_mk2":1,"minecraft:stone_pickaxe":3,"minecraft:diamond_boots":1,"projecte:watch_of_flowing_time":1,"minecraft:dark_oak_planks":440,"minecraft:cooked_beef":7,"minecraft:red_dye":6,"minecraft:diamond_sword":1,"minecraft:enchanting_table":1,"minecraft:iron_sword":1,"minecraft:red_bed":2,"minecraft:cooked_salmon":7,"minecraft:bucket":2,"minecraft:stone_axe":2,"minecraft:glowstone":7,"minecraft:bread":5,"minecraft:air":0,"projecte:relay_mk3":1,"minecraft:oak_boat":1,"minecraft:wooden_axe":2,"minecraft:iron_shovel":1,"minecraft:iron_leggings":1,"minecraft:anvil":1,"minecraft:white_bed":1,"minecraft:torch":196,"minecraft:diamond_chestplate":1},"minecraft:dropped":{"minecraft:iron_sword":1,"minecraft:moss_block":3,"minecraft:ender_pearl":1,"minecraft:leather":2,"minecraft:gold_block":1,"minecraft:dirt":127,"gravestone:obituary":28,"minecraft:bone_meal":3,"minecraft:iron_pickaxe":2,"minecraft:birch_log":4,"minecraft:gold_ingot":49,"minecraft:gravel":13,"minecraft:stone_axe":2,"minecraft:sugar_cane":2,"minecraft:cobbled_deepslate":32,"minecraft:birch_sapling":30,"minecraft:rotten_flesh":9,"rftoolsbase:dimensionalshard":9,"minecraft:cooked_mutton":13,"projecte:watch_of_flowing_time":1,"minecraft:stone_hoe":2,"minecraft:iron_ingot":4,"minecraft:bread":1,"minecraft:golden_horse_armor":1,"minecraft:cobblestone":70,"projecte:collector_mk2":3,"minecraft:granite":12,"minecraft:stick":2,"minecraft:diorite":89,"projecte:aeternalis_fuel":8,"minecraft:torch":32,"minecraft:wooden_axe":3,"projecte:dark_matter":5,"minecraft:iron_axe":1,"minecraft:redstone":1,"projecte:red_matter":1,"minecraft:moss_carpet":5,"minecraft:raw_copper":9,"minecraft:pumpkin_seeds":9,"minecraft:diamond_sword":1,"minecraft:diamond_pickaxe":5,"minecraft:andesite":1,"minecraft:oak_sapling":34,"minecraft:wooden_shovel":1,"minecraft:bow":1,"minecraft:raw_gold":8},"minecraft:killed_by":{"minecraft:creeper":2,"minecraft:skeleton":5,"minecraft:phantom":1},"minecraft:broken":{"minecraft:stone_pickaxe":2,"minecraft:stone_axe":1,"minecraft:stone_hoe":1,"minecraft:shield":1,"minecraft:iron_pickaxe":2},"minecraft:custom":{"minecraft:interact_with_crafting_table":65,"minecraft:leave_game":13,"minecraft:time_since_death":346825,"minecraft:sprint_one_cm":1826001,"minecraft:damage_blocked_by_shield":2910,"minecraft:drop":271,"minecraft:play_time":654006,"minecraft:deaths":12,"minecraft:jump":9156,"minecraft:walk_on_water_one_cm":62438,"minecraft:enchant_item":13,"minecraft:interact_with_furnace":89,"minecraft:sleep_in_bed":15,"minecraft:damage_dealt":6155,"minecraft:player_kills":1,"minecraft:crouch_one_cm":37993,"minecraft:mob_kills":63,"minecraft:interact_with_anvil":9,"minecraft:climb_one_cm":4053,"minecraft:walk_one_cm":1472330,"minecraft:sneak_time":9540,"minecraft:walk_under_water_one_cm":45603,"minecraft:boat_one_cm":228872,"minecraft:total_world_time":654006,"minecraft:time_since_rest":17444,"minecraft:damage_taken":7058,"minecraft:swim_one_cm":78449,"minecraft:fly_one_cm":1144489,"minecraft:open_chest":150,"minecraft:fall_one_cm":169484},"minecraft:used":{"minecraft:beetroot":9,"minecraft:moss_block":11,"minecraft:iron_shovel":193,"rftoolspower:coalgenerator":2,"minecraft:chest":5,"minecraft:shield":43,"minecraft:iron_sword":71,"minecraft:jungle_planks":2,"mcwbridges:dark_oak_log_bridge_middle":9,"minecraft:obsidian":14,"ironfurnaces:crystal_furnace":1,"minecraft:bow":83,"minecraft:sweet_berries":12,"minecraft:oak_sapling":2,"minecraft:furnace":5,"minecraft:beetroot_seeds":1829,"minecraft:stone_pickaxe":270,"minecraft:oak_planks":198,"minecraft:wooden_pickaxe":16,"minecraft:sugar_cane":39,"minecraft:bread":1,"projecte:relay_mk3":2,"minecraft:gravel":3,"minecraft:diamond_sword":616,"minecraft:oak_boat":2,"minecraft:bone_meal":38,"minecraft:enchanting_table":8,"minecraft:stone_sword":107,"minecraft:flint_and_steel":2,"projecte:relay_mk2":3,"minecraft:wooden_shovel":19,"minecraft:cooked_salmon":5,"minecraft:stone_hoe":133,"minecraft:cooked_chicken":2,"minecraft:torch":220,"minecraft:dirt":940,"minecraft:anvil":1,"minecraft:iron_hoe":239,"minecraft:dark_oak_planks":232,"minecraft:wooden_axe":61,"minecraft:flowering_azalea":1,"minecraft:bookshelf":25,"minecraft:iron_axe":21,"minecraft:diamond_chestplate":1,"minecraft:basalt":3,"minecraft:glowstone":8,"projecte:collector_mk3":7,"minecraft:cooked_beef":7,"minecraft:cobbled_deepslate":148,"minecraft:wheat_seeds":747,"minecraft:cooked_mutton":74,"minecraft:water_bucket":137,"minecraft:birch_planks":7,"minecraft:crafting_table":5,"minecraft:red_bed":2,"projecte:collector_mk2":5,"minecraft:oak_log":4,"minecraft:diamond_pickaxe":848,"minecraft:apple":3,"minecraft:iron_pickaxe":588,"minecraft:stone_axe":180,"projecte:philosophers_stone":128,"minecraft:cobblestone":329,"minecraft:bucket":139,"projecte:condenser_mk1":2},"minecraft:mined":{"minecraft:farmland":14,"minecraft:obsidian":6,"minecraft:cave_vines_plant":1,"minecraft:granite":24,"minecraft:grass_block":47,"minecraft:soul_soil":13,"projecte:condenser_mk1":2,"minecraft:glowstone":32,"ironfurnaces:gold_furnace":1,"minecraft:iron_ore":42,"minecraft:cobbled_deepslate":8,"dynamictrees:rooty_grass_block":1,"minecraft:pumpkin":13,"minecraft:moss_carpet":2,"minecraft:deepslate_lapis_ore":5,"minecraft:azure_bluet":2,"minecraft:enchanting_table":7,"minecraft:dirt_path":2,"minecraft:azalea":3,"minecraft:deepslate_redstone_ore":26,"mekanism:osmium_ore":7,"minecraft:brown_mushroom":5,"minecraft:powder_snow":4,"minecraft:clay":46,"minecraft:torch":2,"minecraft:chest":2,"minecraft:cobblestone":7,"projecte:collector_mk2":8,"mcwbridges:dark_oak_log_bridge_middle":10,"minecraft:sugar_cane":273,"minecraft:oak_planks":15,"minecraft:wall_torch":4,"rftoolsbase:dimensionalshard_overworld":20,"projecte:collector_mk3":4,"mekanism:fluorite_ore":3,"minecraft:birch_log":49,"minecraft:wheat":57,"minecraft:grass":22,"mekanism:deepslate_tin_ore":6,"minecraft:oak_log":128,"dynamictrees:dark_oak_branch":1,"minecraft:beetroots":2051,"minecraft:sand":2,"minecraft:dirt":176,"minecraft:netherrack":2,"minecraft:oak_leaves":24,"minecraft:deepslate":570,"minecraft:nether_gold_ore":2,"minecraft:tuff":42,"dynamictrees:dark_oak_sapling":1,"minecraft:dark_oak_leaves":1,"minecraft:deepslate_diamond_ore":7,"mekanism:deepslate_osmium_ore":13,"minecraft:glow_lichen":6,"gravestone:gravestone":8,"minecraft:jungle_planks":2,"minecraft:spruce_leaves":15,"minecraft:moss_block":12,"minecraft:rooted_dirt":1,"minecraft:large_fern":6,"minecraft:redstone_ore":8,"minecraft:furnace":1,"dynamictrees:dark_oak_leaves":55,"minecraft:andesite":22,"dynamictrees:dark_oak_root":3,"dynamictrees:spruce_leaves":1,"rftoolspower:coalgenerator":6,"minecraft:bookshelf":9,"minecraft:deepslate_iron_ore":7,"minecraft:vine":3,"minecraft:stone":624,"projecte:relay_mk3":1,"mekanism:deepslate_lead_ore":6,"minecraft:flowering_azalea":2,"minecraft:soul_sand":90,"minecraft:basalt":3,"minecraft:crafting_table":2,"minecraft:cornflower":1,"minecraft:rose_bush":3,"minecraft:tall_grass":3,"minecraft:copper_ore":15,"minecraft:deepslate_coal_ore":1,"minecraft:lapis_ore":1,"minecraft:deepslate_gold_ore":17,"minecraft:diorite":51,"projecte:relay_mk2":3,"minecraft:big_dripleaf":1,"minecraft:air":6,"minecraft:birch_planks":4,"minecraft:sweet_berry_bush":5,"minecraft:spruce_log":5,"minecraft:birch_leaves":8,"minecraft:mangrove_planks":2,"minecraft:coal_ore":52,"minecraft:gravel":23,"mekanism:deepslate_fluorite_ore":4,"minecraft:gold_ore":10,"minecraft:fern":2,"minecraft:dark_oak_planks":9},"minecraft:killed":{"minecraft:cave_spider":2,"minecraft:spider":3,"minecraft:skeleton":2,"minecraft:chicken":3,"minecraft:tropical_fish":2,"minecraft:magma_cube":4,"minecraft:pig":7,"minecraft:salmon":2,"minecraft:creeper":1,"minecraft:sheep":8,"minecraft:zombie":14,"minecraft:cow":4,"minecraft:phantom":5,"minecraft:drowned":1,"minecraft:bat":2,"minecraft:enderman":1},"minecraft:picked_up":{"minecraft:wooden_axe":2,"minecraft:wheat":38,"minecraft:diamond_sword":1,"projecte:condenser_mk1":2,"mcwbridges:dark_oak_log_bridge_middle":9,"minecraft:string":6,"minecraft:soul_soil":13,"minecraft:raw_copper":93,"minecraft:cooked_salmon":2,"minecraft:beetroot":1492,"dynamictrees:dark_oak_seed":35,"minecraft:gold_nugget":8,"minecraft:cobbled_deepslate":519,"mcwbridges:oak_log_bridge_middle":2,"minecraft:rose_bush":3,"minecraft:azalea":8,"minecraft:iron_pickaxe":1,"minecraft:furnace":2,"minecraft:stick":128,"minecraft:big_dripleaf":2,"minecraft:oak_fence":2,"minecraft:torch":16,"projecte:dark_matter":4,"minecraft:porkchop":12,"minecraft:diorite":95,"projecte:red_matter":1,"minecraft:golden_chestplate":1,"mekanism:raw_tin":5,"projecte:watch_of_flowing_time":1,"minecraft:stone_sword":1,"minecraft:rotten_flesh":28,"minecraft:tropical_fish":13,"minecraft:glowstone":5,"minecraft:obsidian":3,"minecraft:cobblestone":727,"minecraft:enchanting_table":7,"minecraft:birch_log":104,"minecraft:feather":8,"minecraft:andesite":12,"minecraft:flint":1,"minecraft:tuff":12,"minecraft:lapis_lazuli":67,"minecraft:dirt":372,"projecte:collector_mk3":4,"minecraft:bone":6,"minecraft:bow":1,"minecraft:wheat_seeds":136,"minecraft:raw_gold":35,"projecte:philosophers_stone":1,"minecraft:glowstone_dust":100,"minecraft:moss_block":35,"minecraft:stone_hoe":2,"minecraft:oak_planks":69,"minecraft:jungle_planks":2,"minecraft:sand":2,"minecraft:dark_oak_log":110,"minecraft:diamond":9,"minecraft:granite":26,"minecraft:bone_meal":5,"minecraft:golden_horse_armor":3,"minecraft:bread":1,"minecraft:rooted_dirt":1,"minecraft:oak_sapling":70,"minecraft:netherrack":6,"minecraft:dark_oak_fence":1,"minecraft:diamond_pickaxe":5,"minecraft:charcoal":63,"minecraft:crafting_table":3,"minecraft:azure_bluet":2,"minecraft:chicken":3,"minecraft:clay_ball":182,"minecraft:chest_minecart":2,"minecraft:brown_mushroom":5,"minecraft:wooden_pickaxe":1,"gravestone:obituary":23,"projecte:relay_mk2":3,"minecraft:cornflower":1,"projecte:relay_mk3":1,"minecraft:moss_carpet":31,"minecraft:iron_axe":1,"minecraft:blackstone":1,"minecraft:beef":9,"minecraft:oak_boat":1,"minecraft:birch_sapling":38,"minecraft:sugar_cane":375,"minecraft:chest":2,"minecraft:phantom_membrane":4,"minecraft:egg":4,"minecraft:raw_iron":48,"minecraft:redstone":167,"minecraft:dark_oak_planks":9,"minecraft:arrow":13,"projecte:collector_mk2":9,"minecraft:beetroot_seeds":4520,"ironfurnaces:gold_furnace":1,"minecraft:gold_ingot":25,"minecraft:glow_berries":4,"minecraft:mutton":14,"minecraft:white_wool":7,"minecraft:basalt":3,"mekanism:raw_lead":7,"minecraft:salmon":1,"rftoolspower:coalgenerator":6,"minecraft:leather":6,"minecraft:birch_planks":4,"minecraft:oak_log":127,"minecraft:golden_boots":1,"minecraft:gunpowder":2,"minecraft:cooked_mutton":7,"rftoolsbase:dimensionalshard":85,"minecraft:apple":3,"minecraft:iron_ingot":1,"minecraft:stone_pickaxe":1,"minecraft:soul_sand":82,"minecraft:mangrove_planks":1,"minecraft:flowering_azalea":3,"minecraft:iron_sword":2,"minecraft:book":27,"minecraft:oak_slab":7,"minecraft:pumpkin":13,"minecraft:sweet_berries":13,"projecte:mobius_fuel":1,"minecraft:gravel":26,"minecraft:spruce_log":5,"mekanism:raw_osmium":19,"minecraft:spider_eye":2,"minecraft:pumpkin_seeds":5,"minecraft:stone_axe":3,"mekanism:fluorite_gem":20,"minecraft:gray_wool":1,"minecraft:black_wool":2,"minecraft:coal":74,"minecraft:ender_pearl":1}},"DataVersion":3465}