{"stats":{"minecraft:crafted":{"minecraft:iron_sword":1,"minecraft:shield":1,"minecraft:stick":4,"minecraft:iron_pickaxe":1},"minecraft:custom":{"minecraft:jump":33,"minecraft:open_chest":3,"minecraft:time_since_rest":3578,"minecraft:crouch_one_cm":6,"minecraft:sprint_one_cm":3744,"minecraft:play_time":3578,"minecraft:time_since_death":3578,"minecraft:walk_one_cm":12732,"minecraft:sneak_time":17,"minecraft:total_world_time":3578,"minecraft:interact_with_crafting_table":1,"minecraft:fly_one_cm":2510}},"DataVersion":3465}