{"stats":{"minecraft:crafted":{"minecraft:brick":0,"rftoolsbuilder:shape_card_quarry":1,"minecraft:oak_planks":200,"rftoolsbase:machine_frame":1,"ironfurnaces:gold_furnace":1,"projecte:alchemical_chest":1,"minecraft:furnace":1,"minecraft:stone":0,"projecte:high_covalence_dust":40,"minecraft:diamond_shovel":1,"minecraft:diamond_block":2,"minecraft:cooked_mutton":7,"projecte:aeternalis_fuel":1,"minecraft:glass":5,"minecraft:hopper":1,"minecraft:dark_oak_fence":21,"rftoolsbuilder:shape_card_def":1,"minecraft:iron_boots":1,"minecraft:iron_axe":1,"minecraft:iron_hoe":2,"minecraft:stone_pickaxe":1,"minecraft:chest":4,"projecte:transmutation_table":1,"minecraft:bricks":1,"minecraft:dark_oak_planks":332,"minecraft:oak_fence":6,"minecraft:cooked_beef":4,"projecte:dark_matter":1,"minecraft:coal_block":1,"rftoolsbase:filter_module":1,"projecte:collector_mk2":1,"rftoolspower:coalgenerator":1,"minecraft:oak_slab":12,"minecraft:diamond_sword":1,"minecraft:cooked_porkchop":24,"minecraft:dark_oak_stairs":76,"minecraft:crafting_table":5,"minecraft:wooden_pickaxe":2,"minecraft:iron_helmet":1,"projecte:philosophers_stone":1,"minecraft:iron_sword":1,"rftoolspower:powercell_card":1,"minecraft:cooked_salmon":8,"minecraft:copper_ingot":0,"minecraft:bucket":1,"rftoolsbuilder:builder":1,"minecraft:birch_planks":24,"minecraft:stone_axe":1,"mcwbridges:oak_log_bridge_middle":4,"minecraft:glowstone":16,"projecte:low_covalence_dust":40,"minecraft:air":0,"minecraft:blue_dye":2,"projecte:alchemical_coal":1,"minecraft:oak_boat":3,"minecraft:dark_oak_slab":120,"minecraft:iron_chestplate":1,"mcwbridges:dark_oak_log_bridge_middle":40,"minecraft:paper":3,"minecraft:charcoal":2,"minecraft:diamond_pickaxe":2,"minecraft:gold_nugget":18,"minecraft:stick":36,"minecraft:iron_ingot":48,"minecraft:iron_pickaxe":3,"projecte:medium_covalence_dust":40,"minecraft:stone_sword":1,"minecraft:gold_ingot":0,"minecraft:iron_shovel":1,"minecraft:iron_leggings":1,"minecraft:redstone_torch":1,"minecraft:torch":68,"projecte:collector_mk1":1,"projecte:condenser_mk1":1},"minecraft:dropped":{"minecraft:iron_sword":1,"minecraft:oak_slab":7,"minecraft:moss_block":1,"minecraft:glass_bottle":2,"minecraft:diamond":1,"minecraft:golden_horse_armor":1,"minecraft:crafting_table":1,"dynamictrees:dark_oak_seed":8,"minecraft:oak_fence":6,"minecraft:feather":2,"minecraft:cobblestone":21,"minecraft:tropical_fish":3,"minecraft:coal":17,"mcwbridges:oak_log_bridge_middle":2,"minecraft:stick":17,"mcwbridges:dark_oak_log_bridge_middle":1,"minecraft:dirt":1,"minecraft:dark_oak_log":1,"minecraft:dark_oak_fence":1,"minecraft:cooked_salmon":2,"gravestone:obituary":3,"minecraft:bone_meal":2,"projecte:philosophers_stone":1,"minecraft:birch_log":53,"minecraft:white_wool":2,"minecraft:gravel":3,"minecraft:furnace":1,"minecraft:stone_axe":2,"minecraft:sugar_cane":3,"minecraft:stone_sword":2,"minecraft:cobbled_deepslate":131,"minecraft:raw_copper":27,"minecraft:birch_sapling":40,"minecraft:rotten_flesh":5,"minecraft:oak_planks":64,"minecraft:cooked_mutton":2,"minecraft:gunpowder":3,"minecraft:diamond_pickaxe":1,"minecraft:oak_boat":1,"minecraft:oak_sapling":34,"projecte:mobius_fuel":1,"minecraft:spider_eye":1,"minecraft:arrow":3,"minecraft:stone_pickaxe":1,"minecraft:wooden_pickaxe":5},"minecraft:killed_by":{"minecraft:player":1,"minecraft:creeper":2,"minecraft:enderman":1,"minecraft:skeleton":1},"minecraft:broken":{"minecraft:stone_pickaxe":1,"minecraft:iron_pickaxe":3,"minecraft:iron_hoe":2},"minecraft:custom":{"minecraft:mob_kills":77,"minecraft:interact_with_crafting_table":100,"minecraft:leave_game":12,"minecraft:time_since_death":0,"minecraft:climb_one_cm":1612,"minecraft:sprint_one_cm":705750,"minecraft:walk_one_cm":1130892,"minecraft:drop":84,"minecraft:play_time":544050,"minecraft:deaths":6,"minecraft:sneak_time":19534,"minecraft:walk_under_water_one_cm":17822,"minecraft:boat_one_cm":227449,"minecraft:jump":6065,"minecraft:walk_on_water_one_cm":28514,"minecraft:total_world_time":544050,"minecraft:interact_with_furnace":98,"minecraft:sleep_in_bed":12,"minecraft:time_since_rest":8371,"minecraft:damage_taken":5563,"minecraft:damage_dealt":11897,"minecraft:swim_one_cm":22697,"minecraft:fly_one_cm":653651,"minecraft:open_chest":269,"minecraft:crouch_one_cm":67296,"minecraft:fall_one_cm":107608},"minecraft:used":{"minecraft:beetroot":1,"ironfurnaces:gold_furnace":1,"minecraft:moss_carpet":5,"minecraft:stone_sword":114,"minecraft:iron_shovel":215,"minecraft:redstone":1,"minecraft:chest":4,"rftoolspower:coalgenerator":9,"projecte:alchemical_chest":1,"minecraft:iron_sword":107,"minecraft:cooked_salmon":10,"minecraft:rotten_flesh":1,"minecraft:torch":136,"minecraft:dirt":223,"mcwbridges:dark_oak_log_bridge_middle":115,"minecraft:obsidian":11,"minecraft:tuff":55,"minecraft:granite":9,"minecraft:dark_oak_planks":70,"minecraft:iron_hoe":500,"mcwbridges:oak_log_bridge_middle":15,"minecraft:iron_axe":17,"minecraft:dark_oak_slab":26,"minecraft:glowstone":52,"minecraft:basalt":11,"minecraft:sweet_berries":50,"minecraft:oak_sapling":1,"minecraft:furnace":6,"minecraft:beetroot_seeds":279,"dynamictrees:dark_oak_seed":3,"rftoolsbuilder:shape_card_quarry":16,"minecraft:cooked_beef":4,"minecraft:cobbled_deepslate":192,"minecraft:cooked_mutton":35,"minecraft:water_bucket":25,"minecraft:dark_oak_stairs":43,"minecraft:oak_planks":172,"minecraft:stone_pickaxe":163,"minecraft:wooden_pickaxe":15,"rftoolsbuilder:builder":4,"minecraft:oak_slab":3,"minecraft:crafting_table":6,"projecte:collector_mk2":14,"projecte:transmutation_table":2,"minecraft:diamond_pickaxe":189,"minecraft:iron_pickaxe":755,"projecte:collector_mk1":1,"minecraft:stone_axe":144,"minecraft:diamond_sword":34,"minecraft:cobblestone":299,"minecraft:cooked_porkchop":13,"minecraft:andesite":1,"minecraft:bucket":25,"minecraft:oak_boat":2,"projecte:condenser_mk1":4,"minecraft:bone_meal":5},"minecraft:mined":{"minecraft:dark_oak_planks":9,"minecraft:tuff":57,"minecraft:farmland":3,"dynamictrees:dark_oak_sapling":2,"minecraft:deepslate_diamond_ore":21,"minecraft:dark_oak_log":2,"rftoolsbuilder:builder":3,"minecraft:obsidian":13,"minecraft:cave_vines_plant":2,"gravestone:gravestone":4,"minecraft:granite":2,"minecraft:grass_block":98,"minecraft:redstone_wire":1,"minecraft:moss_block":1,"minecraft:large_fern":1,"projecte:condenser_mk1":3,"minecraft:magma_block":1,"minecraft:glowstone":22,"minecraft:furnace":7,"dynamictrees:dark_oak_leaves":4,"minecraft:iron_ore":87,"projecte:alchemical_chest":1,"minecraft:cobbled_deepslate":1,"minecraft:andesite":7,"minecraft:moss_carpet":2,"dynamictrees:dark_oak_root":10,"dynamictrees:spruce_leaves":2,"rftoolspower:coalgenerator":4,"minecraft:dark_oak_stairs":2,"minecraft:cave_vines":2,"minecraft:deepslate_iron_ore":10,"projecte:collector_mk1":1,"minecraft:stone":395,"minecraft:flowering_azalea":1,"minecraft:oak_slab":1,"minecraft:deepslate_redstone_ore":16,"minecraft:basalt":12,"ironfurnaces:iron_furnace":1,"minecraft:clay":9,"minecraft:crafting_table":2,"minecraft:torch":11,"minecraft:chest":2,"minecraft:copper_ore":2,"minecraft:tall_grass":1,"minecraft:cobblestone":5,"projecte:collector_mk2":10,"minecraft:oak_planks":6,"minecraft:sugar_cane":2,"minecraft:deepslate_gold_ore":7,"minecraft:lapis_ore":3,"mcwbridges:oak_log_bridge_middle":15,"mcwbridges:dark_oak_log_bridge_middle":26,"projecte:transmutation_table":1,"minecraft:diorite":4,"minecraft:wall_torch":12,"rftoolsbase:dimensionalshard_overworld":2,"minecraft:dark_oak_slab":7,"minecraft:wheat":1,"minecraft:birch_log":46,"minecraft:sweet_berry_bush":14,"minecraft:birch_leaves":8,"minecraft:grass":4,"minecraft:coal_ore":53,"minecraft:oak_log":19,"minecraft:beetroots":55,"minecraft:gravel":4,"minecraft:dirt":156,"minecraft:sand":4,"minecraft:netherrack":28,"minecraft:oak_leaves":2,"minecraft:deepslate":310,"minecraft:fern":2},"minecraft:killed":{"minecraft:witch":2,"minecraft:spider":1,"minecraft:phantom":2,"minecraft:skeleton":2,"minecraft:chicken":2,"minecraft:wolf":2,"minecraft:pig":5,"minecraft:salmon":15,"minecraft:sheep":2,"minecraft:zombie":35,"minecraft:enderman":1,"minecraft:cow":4},"minecraft:picked_up":{"minecraft:crafting_table":3,"minecraft:wheat":1,"minecraft:chicken":2,"minecraft:clay_ball":8,"minecraft:wooden_pickaxe":3,"projecte:alchemical_chest":1,"projecte:condenser_mk1":3,"minecraft:gold_block":1,"mcwbridges:dark_oak_log_bridge_middle":24,"minecraft:moss_carpet":7,"projecte:aeternalis_fuel":8,"minecraft:beetroot":53,"dynamictrees:dark_oak_seed":28,"minecraft:cobbled_deepslate":853,"mcwbridges:oak_log_bridge_middle":13,"minecraft:beef":10,"minecraft:iron_pickaxe":1,"minecraft:chest":2,"minecraft:sugar_cane":5,"minecraft:birch_sapling":32,"minecraft:phantom_membrane":3,"minecraft:furnace":10,"minecraft:egg":1,"minecraft:raw_iron":97,"minecraft:stick":58,"minecraft:oak_fence":2,"minecraft:torch":56,"minecraft:porkchop":12,"minecraft:redstone":130,"minecraft:dark_oak_planks":9,"projecte:collector_mk2":12,"minecraft:arrow":2,"minecraft:rotten_flesh":23,"minecraft:tropical_fish":11,"minecraft:beetroot_seeds":131,"minecraft:gold_ingot":24,"minecraft:mutton":8,"minecraft:obsidian":16,"minecraft:white_wool":2,"minecraft:cobblestone":346,"minecraft:birch_log":37,"minecraft:magma_block":1,"minecraft:salmon":14,"minecraft:feather":4,"minecraft:basalt":11,"minecraft:andesite":1,"rftoolspower:coalgenerator":4,"minecraft:leather":4,"minecraft:tuff":119,"minecraft:oak_log":19,"rftoolsbuilder:builder":3,"minecraft:gunpowder":2,"minecraft:lapis_lazuli":23,"minecraft:dirt":217,"minecraft:cooked_mutton":5,"rftoolsbase:dimensionalshard":18,"minecraft:wheat_seeds":5,"minecraft:raw_gold":13,"minecraft:iron_ingot":4,"minecraft:glass_bottle":4,"minecraft:glowstone_dust":98,"minecraft:moss_block":1,"minecraft:oak_planks":8,"ironfurnaces:iron_furnace":1,"minecraft:dark_oak_stairs":2,"minecraft:oak_slab":1,"minecraft:dark_oak_slab":7,"minecraft:sweet_berries":34,"projecte:mobius_fuel":4,"minecraft:gravel":7,"minecraft:sand":4,"projecte:collector_mk1":1,"minecraft:dark_oak_log":84,"minecraft:spider_eye":1,"minecraft:sugar":2,"minecraft:stone_axe":2,"minecraft:diamond":21,"minecraft:granite":11,"minecraft:bone_meal":2,"projecte:transmutation_table":1,"minecraft:oak_sapling":40,"minecraft:netherrack":27,"minecraft:coal":169,"minecraft:ender_pearl":1,"minecraft:diamond_pickaxe":1}},"DataVersion":3465}