{"stats":{"minecraft:mined":{"dynamictrees:dark_oak_sapling":2,"minecraft:dark_oak_log":2,"minecraft:crafting_table":2,"minecraft:torch":5,"gravestone:gravestone":2,"minecraft:grass_block":21,"minecraft:cobblestone":2,"minecraft:oak_planks":4,"minecraft:wall_torch":1,"minecraft:large_fern":1,"minecraft:furnace":6,"dynamictrees:dark_oak_leaves":4,"minecraft:birch_log":46,"minecraft:iron_ore":21,"minecraft:sweet_berry_bush":14,"minecraft:birch_leaves":8,"dynamictrees:dark_oak_root":9,"dynamictrees:spruce_leaves":2,"minecraft:grass":1,"minecraft:oak_log":19,"minecraft:coal_ore":14,"minecraft:gravel":1,"minecraft:dirt":4,"minecraft:stone":53,"minecraft:oak_leaves":2,"minecraft:fern":2},"minecraft:picked_up":{"minecraft:birch_log":37,"minecraft:crafting_table":3,"minecraft:feather":2,"minecraft:chicken":2,"minecraft:salmon":14,"minecraft:leather":4,"minecraft:wooden_pickaxe":3,"minecraft:oak_log":19,"minecraft:dirt":25,"minecraft:cooked_mutton":1,"dynamictrees:dark_oak_seed":11,"minecraft:beef":10,"minecraft:birch_sapling":32,"minecraft:oak_planks":6,"minecraft:furnace":9,"minecraft:stick":37,"minecraft:raw_iron":21,"minecraft:sweet_berries":34,"minecraft:torch":38,"minecraft:gravel":2,"minecraft:porkchop":12,"minecraft:dark_oak_log":36,"minecraft:arrow":1,"minecraft:rotten_flesh":6,"minecraft:beetroot_seeds":3,"minecraft:stone_axe":2,"minecraft:bone_meal":1,"minecraft:oak_sapling":40,"minecraft:mutton":8,"minecraft:coal":119,"minecraft:white_wool":2,"minecraft:cobblestone":65},"minecraft:killed":{"minecraft:wolf":2,"minecraft:pig":5,"minecraft:salmon":15,"minecraft:sheep":2,"minecraft:skeleton":1,"minecraft:zombie":13,"minecraft:chicken":2,"minecraft:cow":4},"minecraft:used":{"minecraft:cooked_mutton":2,"minecraft:stone_sword":114,"minecraft:stone_pickaxe":83,"minecraft:oak_planks":161,"minecraft:wooden_pickaxe":15,"minecraft:cooked_salmon":10,"minecraft:rotten_flesh":1,"minecraft:torch":16,"minecraft:dirt":23,"minecraft:crafting_table":4,"minecraft:stone_axe":93,"minecraft:sweet_berries":26,"minecraft:cobblestone":29,"minecraft:furnace":6,"minecraft:oak_sapling":1,"minecraft:oak_boat":2,"dynamictrees:dark_oak_seed":3,"minecraft:cooked_beef":4},"minecraft:killed_by":{"minecraft:player":1,"minecraft:skeleton":1,"minecraft:creeper":1},"minecraft:crafted":{"minecraft:cooked_beef":4,"minecraft:oak_planks":200,"minecraft:crafting_table":3,"minecraft:wooden_pickaxe":2,"minecraft:furnace":1,"minecraft:cooked_salmon":8,"minecraft:birch_planks":24,"minecraft:stone_axe":1,"minecraft:cooked_mutton":3,"minecraft:air":0,"minecraft:oak_boat":3,"minecraft:charcoal":1,"minecraft:stick":4,"minecraft:iron_ingot":23,"minecraft:stone_pickaxe":1,"minecraft:stone_sword":1},"minecraft:dropped":{"minecraft:gravel":1,"minecraft:furnace":1,"minecraft:stone_axe":1,"minecraft:sugar_cane":3,"minecraft:stone_sword":1,"minecraft:raw_copper":27,"minecraft:golden_horse_armor":1,"minecraft:crafting_table":1,"minecraft:birch_sapling":20,"minecraft:cobblestone":20,"minecraft:oak_planks":64,"minecraft:cooked_mutton":2,"minecraft:stick":17,"minecraft:dark_oak_log":1,"minecraft:gunpowder":1,"minecraft:oak_boat":1,"minecraft:oak_sapling":34,"minecraft:cooked_salmon":2,"gravestone:obituary":2,"minecraft:arrow":2,"minecraft:stone_pickaxe":1,"minecraft:wooden_pickaxe":4,"minecraft:birch_log":53,"minecraft:white_wool":2},"minecraft:custom":{"minecraft:interact_with_furnace":27,"minecraft:mob_kills":45,"minecraft:interact_with_crafting_table":8,"minecraft:leave_game":5,"minecraft:time_since_death":45555,"minecraft:time_since_rest":45585,"minecraft:sprint_one_cm":185363,"minecraft:damage_taken":2211,"minecraft:walk_one_cm":248387,"minecraft:drop":49,"minecraft:damage_dealt":4510,"minecraft:swim_one_cm":18714,"minecraft:fly_one_cm":170349,"minecraft:open_chest":2,"minecraft:crouch_one_cm":6017,"minecraft:play_time":114674,"minecraft:deaths":3,"minecraft:sneak_time":1560,"minecraft:boat_one_cm":227449,"minecraft:walk_under_water_one_cm":10413,"minecraft:jump":1558,"minecraft:walk_on_water_one_cm":6995,"minecraft:total_world_time":114674,"minecraft:fall_one_cm":39365}},"DataVersion":3465}