{"stats":{"minecraft:crafted":{"minecraft:brick":0,"rftoolsbuilder:shape_card_quarry":1,"minecraft:oak_planks":200,"projecte:alchemical_chest":1,"minecraft:stone":0,"projecte:high_covalence_dust":40,"minecraft:diamond_shovel":1,"minecraft:cooked_mutton":7,"minecraft:glass":5,"minecraft:hopper":1,"rftoolsbuilder:shape_card_def":1,"minecraft:iron_boots":1,"minecraft:chest":4,"projecte:transmutation_table":1,"minecraft:bricks":1,"minecraft:oak_fence":6,"projecte:dark_matter":1,"rftoolspower:coalgenerator":1,"projecte:collector_mk2":1,"minecraft:oak_slab":12,"minecraft:cooked_porkchop":24,"minecraft:crafting_table":5,"minecraft:wooden_pickaxe":2,"minecraft:iron_helmet":1,"projecte:philosophers_stone":1,"minecraft:copper_ingot":0,"minecraft:birch_planks":24,"mcwbridges:oak_log_bridge_middle":4,"minecraft:dark_oak_slab":120,"minecraft:diamond_pickaxe":2,"minecraft:iron_chestplate":1,"minecraft:paper":3,"minecraft:charcoal":2,"minecraft:stick":36,"minecraft:iron_ingot":48,"minecraft:iron_pickaxe":3,"projecte:medium_covalence_dust":40,"minecraft:stone_sword":1,"minecraft:gold_ingot":0,"minecraft:redstone_torch":1,"projecte:collector_mk1":1,"projecte:condenser_mk1":1,"rftoolsbase:machine_frame":1,"ironfurnaces:gold_furnace":1,"minecraft:furnace":1,"minecraft:diamond_block":2,"projecte:aeternalis_fuel":1,"minecraft:dark_oak_fence":21,"minecraft:iron_axe":1,"minecraft:iron_hoe":2,"minecraft:stone_pickaxe":1,"minecraft:dark_oak_planks":332,"minecraft:cooked_beef":4,"minecraft:coal_block":1,"projecte:collector_mk3":1,"rftoolsbase:filter_module":1,"minecraft:diamond_sword":1,"minecraft:dark_oak_stairs":76,"minecraft:iron_sword":1,"rftoolspower:powercell_card":1,"minecraft:cooked_salmon":8,"minecraft:bucket":1,"rftoolsbuilder:builder":1,"minecraft:stone_axe":1,"minecraft:glowstone":16,"projecte:low_covalence_dust":40,"minecraft:air":0,"minecraft:blue_dye":2,"projecte:alchemical_coal":1,"minecraft:oak_boat":3,"mcwbridges:dark_oak_log_bridge_middle":40,"minecraft:gold_nugget":18,"minecraft:iron_shovel":1,"minecraft:iron_leggings":1,"minecraft:torch":68},"minecraft:dropped":{"minecraft:iron_sword":1,"minecraft:moss_block":1,"minecraft:lapis_lazuli":32,"minecraft:glass_bottle":2,"minecraft:diamond":1,"minecraft:crafting_table":1,"minecraft:dirt":1,"mcwbridges:dark_oak_log_bridge_middle":1,"minecraft:dark_oak_log":1,"minecraft:dark_oak_fence":1,"gravestone:obituary":6,"minecraft:bone_meal":2,"projecte:philosophers_stone":1,"minecraft:birch_log":53,"minecraft:white_wool":2,"minecraft:gravel":3,"minecraft:stone_axe":2,"minecraft:sugar_cane":3,"minecraft:cobbled_deepslate":131,"minecraft:birch_sapling":40,"minecraft:rotten_flesh":5,"minecraft:oak_planks":64,"minecraft:cooked_mutton":2,"minecraft:gunpowder":3,"minecraft:arrow":3,"minecraft:oak_slab":7,"minecraft:golden_horse_armor":1,"dynamictrees:dark_oak_seed":8,"minecraft:oak_fence":6,"minecraft:feather":4,"minecraft:cobblestone":21,"minecraft:tropical_fish":3,"mcwbridges:oak_log_bridge_middle":2,"minecraft:coal":17,"minecraft:stick":17,"minecraft:cooked_salmon":2,"projecte:red_matter":1,"minecraft:furnace":1,"minecraft:stone_sword":2,"minecraft:raw_copper":27,"minecraft:diamond_pickaxe":1,"minecraft:oak_boat":1,"minecraft:oak_sapling":34,"projecte:mobius_fuel":1,"minecraft:spider_eye":1,"minecraft:bow":1,"minecraft:stone_pickaxe":1,"minecraft:wooden_pickaxe":5},"minecraft:killed_by":{"minecraft:creeper":3,"minecraft:cave_spider":1,"minecraft:player":1,"minecraft:spider":1,"minecraft:enderman":1,"minecraft:skeleton":1},"minecraft:broken":{"minecraft:stone_pickaxe":1,"minecraft:iron_hoe":2,"minecraft:iron_pickaxe":3},"minecraft:custom":{"minecraft:interact_with_crafting_table":101,"minecraft:leave_game":15,"minecraft:time_since_death":27859,"minecraft:sprint_one_cm":806373,"minecraft:drop":92,"minecraft:play_time":609131,"minecraft:deaths":9,"minecraft:jump":6902,"minecraft:walk_on_water_one_cm":34812,"minecraft:interact_with_furnace":98,"minecraft:sleep_in_bed":13,"minecraft:damage_dealt":12463,"minecraft:crouch_one_cm":70745,"minecraft:mob_kills":81,"minecraft:climb_one_cm":2288,"minecraft:walk_one_cm":1240186,"minecraft:sneak_time":20906,"minecraft:walk_under_water_one_cm":18968,"minecraft:boat_one_cm":227449,"minecraft:total_world_time":609131,"minecraft:time_since_rest":27897,"minecraft:damage_taken":7284,"minecraft:swim_one_cm":22715,"minecraft:fly_one_cm":735673,"minecraft:open_chest":287,"minecraft:fall_one_cm":133716},"minecraft:used":{"minecraft:beetroot":1,"minecraft:moss_carpet":5,"minecraft:iron_shovel":215,"rftoolspower:coalgenerator":9,"minecraft:chest":4,"projecte:alchemical_chest":1,"minecraft:iron_sword":107,"minecraft:rotten_flesh":1,"mcwbridges:dark_oak_log_bridge_middle":115,"minecraft:tuff":55,"minecraft:obsidian":11,"minecraft:dark_oak_slab":26,"minecraft:sweet_berries":50,"minecraft:furnace":6,"minecraft:oak_sapling":1,"minecraft:beetroot_seeds":279,"rftoolsbuilder:shape_card_quarry":16,"minecraft:dark_oak_stairs":43,"minecraft:stone_pickaxe":163,"minecraft:oak_planks":172,"minecraft:wooden_pickaxe":15,"rftoolsbuilder:builder":4,"projecte:transmutation_table":2,"projecte:relay_mk3":1,"minecraft:diamond_sword":45,"minecraft:andesite":1,"minecraft:oak_boat":2,"minecraft:bone_meal":5,"ironfurnaces:gold_furnace":1,"minecraft:stone_sword":114,"minecraft:redstone":2,"minecraft:cooked_salmon":10,"minecraft:torch":141,"minecraft:dirt":224,"minecraft:granite":9,"minecraft:iron_hoe":500,"minecraft:dark_oak_planks":70,"mcwbridges:oak_log_bridge_middle":15,"minecraft:iron_axe":17,"minecraft:basalt":11,"minecraft:glowstone":54,"projecte:collector_mk3":4,"dynamictrees:dark_oak_seed":3,"minecraft:cooked_beef":4,"minecraft:cobbled_deepslate":284,"minecraft:cooked_mutton":46,"minecraft:water_bucket":26,"minecraft:oak_slab":3,"minecraft:crafting_table":6,"projecte:collector_mk2":14,"minecraft:diamond_pickaxe":373,"minecraft:chicken":1,"minecraft:iron_pickaxe":755,"projecte:collector_mk1":1,"minecraft:stone_axe":144,"minecraft:cobblestone":393,"minecraft:cooked_porkchop":13,"minecraft:bucket":27,"projecte:condenser_mk1":4},"minecraft:mined":{"minecraft:dark_oak_planks":9,"minecraft:farmland":3,"minecraft:obsidian":13,"minecraft:cave_vines_plant":2,"minecraft:granite":2,"minecraft:grass_block":101,"projecte:condenser_mk1":3,"minecraft:magma_block":1,"minecraft:glowstone":25,"minecraft:iron_ore":91,"minecraft:cobbled_deepslate":4,"minecraft:moss_carpet":2,"minecraft:deepslate_lapis_ore":3,"minecraft:dark_oak_stairs":2,"minecraft:cave_vines":2,"projecte:collector_mk1":1,"minecraft:deepslate_redstone_ore":16,"ironfurnaces:iron_furnace":1,"minecraft:clay":20,"minecraft:torch":11,"minecraft:chest":2,"minecraft:cobblestone":33,"projecte:collector_mk2":11,"mcwbridges:dark_oak_log_bridge_middle":26,"minecraft:sugar_cane":2,"minecraft:oak_planks":6,"minecraft:wall_torch":14,"rftoolsbase:dimensionalshard_overworld":10,"minecraft:dark_oak_slab":7,"projecte:collector_mk3":2,"minecraft:birch_log":46,"minecraft:wheat":1,"minecraft:grass":4,"minecraft:oak_log":19,"minecraft:beetroots":55,"minecraft:sand":4,"minecraft:dirt":157,"minecraft:netherrack":28,"minecraft:oak_leaves":2,"minecraft:deepslate":376,"minecraft:tuff":57,"dynamictrees:dark_oak_sapling":2,"minecraft:deepslate_diamond_ore":23,"minecraft:dark_oak_log":2,"rftoolsbuilder:builder":3,"gravestone:gravestone":7,"minecraft:redstone_wire":1,"minecraft:moss_block":1,"minecraft:large_fern":1,"minecraft:furnace":7,"dynamictrees:dark_oak_leaves":4,"projecte:alchemical_chest":1,"minecraft:andesite":14,"dynamictrees:dark_oak_root":10,"dynamictrees:spruce_leaves":2,"rftoolspower:coalgenerator":4,"minecraft:deepslate_iron_ore":13,"minecraft:stone":425,"projecte:relay_mk3":1,"minecraft:oak_slab":1,"minecraft:flowering_azalea":1,"minecraft:basalt":12,"minecraft:crafting_table":2,"minecraft:tall_grass":1,"minecraft:copper_ore":2,"minecraft:lapis_ore":6,"minecraft:deepslate_gold_ore":7,"mcwbridges:oak_log_bridge_middle":15,"minecraft:diorite":4,"projecte:transmutation_table":1,"minecraft:sweet_berry_bush":14,"minecraft:birch_leaves":8,"minecraft:coal_ore":53,"minecraft:gravel":11,"minecraft:fern":2},"minecraft:killed":{"minecraft:witch":2,"minecraft:spider":2,"minecraft:skeleton":4,"minecraft:chicken":3,"minecraft:wolf":2,"minecraft:pig":5,"minecraft:salmon":15,"minecraft:sheep":2,"minecraft:zombie":35,"minecraft:cow":4,"minecraft:phantom":2,"minecraft:enderman":1},"minecraft:picked_up":{"minecraft:wheat":1,"projecte:alchemical_chest":1,"projecte:condenser_mk1":3,"mcwbridges:dark_oak_log_bridge_middle":24,"minecraft:raw_copper":9,"projecte:aeternalis_fuel":8,"minecraft:beetroot":53,"dynamictrees:dark_oak_seed":28,"mcwbridges:oak_log_bridge_middle":13,"minecraft:cobbled_deepslate":949,"minecraft:iron_pickaxe":1,"minecraft:furnace":10,"minecraft:stick":58,"minecraft:oak_fence":2,"minecraft:torch":57,"projecte:dark_matter":1,"minecraft:porkchop":12,"projecte:red_matter":1,"minecraft:rotten_flesh":23,"minecraft:tropical_fish":11,"minecraft:obsidian":16,"minecraft:cobblestone":410,"minecraft:birch_log":37,"minecraft:magma_block":1,"minecraft:feather":6,"minecraft:andesite":23,"minecraft:tuff":119,"rftoolsbuilder:builder":3,"minecraft:lapis_lazuli":67,"minecraft:dirt":219,"projecte:collector_mk3":2,"minecraft:bone":2,"minecraft:bow":1,"minecraft:wheat_seeds":5,"minecraft:raw_gold":13,"minecraft:glowstone_dust":106,"minecraft:moss_block":1,"ironfurnaces:iron_furnace":1,"minecraft:oak_planks":8,"minecraft:sand":4,"minecraft:dark_oak_log":84,"minecraft:sugar":2,"minecraft:diamond":23,"minecraft:granite":11,"minecraft:bone_meal":2,"projecte:transmutation_table":1,"minecraft:oak_sapling":40,"minecraft:netherrack":27,"minecraft:diamond_pickaxe":1,"minecraft:crafting_table":3,"minecraft:chicken":3,"minecraft:clay_ball":64,"minecraft:wooden_pickaxe":3,"minecraft:gold_block":1,"projecte:relay_mk3":1,"minecraft:moss_carpet":8,"minecraft:beef":10,"minecraft:sugar_cane":5,"minecraft:chest":2,"minecraft:birch_sapling":32,"minecraft:phantom_membrane":3,"minecraft:egg":1,"minecraft:raw_iron":104,"minecraft:redstone":131,"minecraft:dark_oak_planks":9,"minecraft:arrow":2,"projecte:collector_mk2":13,"minecraft:beetroot_seeds":131,"minecraft:gold_ingot":24,"minecraft:mutton":8,"minecraft:white_wool":2,"minecraft:basalt":11,"minecraft:salmon":14,"rftoolspower:coalgenerator":4,"minecraft:leather":6,"minecraft:oak_log":19,"minecraft:gunpowder":2,"minecraft:cooked_mutton":9,"rftoolsbase:dimensionalshard":55,"minecraft:iron_ingot":4,"minecraft:glass_bottle":4,"minecraft:dark_oak_stairs":2,"minecraft:oak_slab":1,"minecraft:dark_oak_slab":7,"minecraft:sweet_berries":34,"projecte:mobius_fuel":4,"minecraft:gravel":22,"projecte:collector_mk1":1,"minecraft:spider_eye":2,"minecraft:pumpkin_seeds":9,"minecraft:stone_axe":2,"minecraft:coal":169,"minecraft:ender_pearl":1}},"DataVersion":3465}