{"stats":{"minecraft:mined":{"minecraft:tuff":57,"dynamictrees:dark_oak_sapling":2,"minecraft:deepslate_diamond_ore":11,"minecraft:dark_oak_log":2,"minecraft:obsidian":12,"minecraft:cave_vines_plant":2,"gravestone:gravestone":3,"minecraft:granite":2,"minecraft:grass_block":26,"minecraft:moss_block":1,"minecraft:large_fern":1,"minecraft:magma_block":1,"minecraft:furnace":6,"dynamictrees:dark_oak_leaves":4,"minecraft:iron_ore":87,"minecraft:cobbled_deepslate":1,"minecraft:andesite":7,"minecraft:moss_carpet":1,"dynamictrees:dark_oak_root":9,"dynamictrees:spruce_leaves":2,"minecraft:cave_vines":2,"minecraft:deepslate_iron_ore":10,"minecraft:stone":369,"minecraft:deepslate_redstone_ore":15,"minecraft:oak_slab":1,"minecraft:flowering_azalea":1,"minecraft:basalt":12,"minecraft:clay":8,"minecraft:crafting_table":2,"minecraft:torch":8,"minecraft:chest":1,"minecraft:tall_grass":1,"minecraft:copper_ore":2,"minecraft:cobblestone":5,"mcwbridges:dark_oak_log_bridge_middle":24,"minecraft:lapis_ore":3,"minecraft:deepslate_gold_ore":7,"mcwbridges:oak_log_bridge_middle":15,"minecraft:oak_planks":6,"minecraft:diorite":4,"minecraft:wall_torch":10,"rftoolsbase:dimensionalshard_overworld":2,"minecraft:dark_oak_slab":7,"minecraft:birch_log":46,"minecraft:sweet_berry_bush":14,"minecraft:birch_leaves":8,"minecraft:grass":3,"minecraft:oak_log":19,"minecraft:coal_ore":53,"minecraft:gravel":3,"minecraft:dirt":16,"minecraft:netherrack":28,"minecraft:oak_leaves":2,"minecraft:deepslate":303,"minecraft:fern":2},"minecraft:picked_up":{"minecraft:crafting_table":3,"minecraft:chicken":2,"minecraft:clay_ball":4,"minecraft:wooden_pickaxe":3,"mcwbridges:dark_oak_log_bridge_middle":23,"minecraft:moss_carpet":5,"dynamictrees:dark_oak_seed":19,"minecraft:cobbled_deepslate":394,"mcwbridges:oak_log_bridge_middle":13,"minecraft:beef":10,"minecraft:iron_pickaxe":1,"minecraft:chest":1,"minecraft:birch_sapling":32,"minecraft:furnace":9,"minecraft:stick":38,"minecraft:raw_iron":97,"minecraft:oak_fence":2,"minecraft:torch":50,"minecraft:porkchop":12,"minecraft:redstone":61,"minecraft:arrow":1,"minecraft:rotten_flesh":6,"minecraft:tropical_fish":3,"minecraft:beetroot_seeds":3,"minecraft:obsidian":14,"minecraft:mutton":8,"minecraft:white_wool":2,"minecraft:cobblestone":333,"minecraft:birch_log":37,"minecraft:magma_block":1,"minecraft:feather":4,"minecraft:basalt":11,"minecraft:andesite":1,"minecraft:salmon":14,"minecraft:leather":4,"minecraft:tuff":55,"minecraft:oak_log":19,"minecraft:gunpowder":2,"minecraft:lapis_lazuli":23,"minecraft:dirt":40,"minecraft:cooked_mutton":5,"rftoolsbase:dimensionalshard":17,"minecraft:wheat_seeds":1,"minecraft:raw_gold":7,"minecraft:glass_bottle":2,"minecraft:glowstone_dust":33,"minecraft:moss_block":1,"minecraft:oak_planks":8,"minecraft:oak_slab":1,"minecraft:dark_oak_slab":7,"minecraft:sweet_berries":34,"minecraft:gravel":4,"minecraft:dark_oak_log":36,"minecraft:spider_eye":1,"minecraft:sugar":2,"minecraft:diamond":11,"minecraft:stone_axe":2,"minecraft:bone_meal":1,"minecraft:oak_sapling":40,"minecraft:netherrack":27,"minecraft:coal":155},"minecraft:killed":{"minecraft:witch":2,"minecraft:skeleton":1,"minecraft:chicken":2,"minecraft:wolf":2,"minecraft:pig":5,"minecraft:salmon":15,"minecraft:sheep":2,"minecraft:zombie":21,"minecraft:cow":4},"minecraft:used":{"minecraft:moss_carpet":5,"minecraft:stone_sword":114,"minecraft:chest":3,"minecraft:iron_sword":50,"minecraft:cooked_salmon":10,"minecraft:rotten_flesh":1,"minecraft:torch":106,"minecraft:dirt":45,"mcwbridges:dark_oak_log_bridge_middle":50,"minecraft:tuff":55,"minecraft:obsidian":10,"minecraft:dark_oak_planks":7,"mcwbridges:oak_log_bridge_middle":15,"minecraft:dark_oak_slab":26,"minecraft:basalt":11,"minecraft:sweet_berries":50,"minecraft:oak_sapling":1,"minecraft:furnace":6,"dynamictrees:dark_oak_seed":3,"minecraft:cooked_beef":4,"minecraft:cobbled_deepslate":141,"minecraft:cooked_mutton":5,"minecraft:water_bucket":25,"minecraft:oak_planks":172,"minecraft:stone_pickaxe":163,"minecraft:wooden_pickaxe":15,"minecraft:oak_slab":3,"minecraft:crafting_table":5,"projecte:transmutation_table":1,"minecraft:diamond_pickaxe":93,"minecraft:iron_pickaxe":755,"minecraft:stone_axe":144,"minecraft:cobblestone":231,"minecraft:cooked_porkchop":13,"minecraft:andesite":1,"minecraft:bucket":25,"minecraft:oak_boat":2},"minecraft:killed_by":{"minecraft:player":1,"minecraft:creeper":1,"minecraft:skeleton":1},"minecraft:crafted":{"minecraft:oak_planks":200,"minecraft:furnace":1,"minecraft:stone":0,"minecraft:cooked_mutton":7,"minecraft:dark_oak_fence":21,"minecraft:iron_boots":1,"minecraft:stone_pickaxe":1,"minecraft:chest":2,"projecte:transmutation_table":1,"minecraft:dark_oak_planks":140,"minecraft:oak_fence":6,"minecraft:cooked_beef":4,"minecraft:oak_slab":12,"minecraft:cooked_porkchop":24,"minecraft:crafting_table":4,"minecraft:wooden_pickaxe":2,"minecraft:iron_helmet":1,"projecte:philosophers_stone":1,"minecraft:iron_sword":1,"minecraft:cooked_salmon":8,"minecraft:bucket":1,"minecraft:birch_planks":24,"minecraft:stone_axe":1,"mcwbridges:oak_log_bridge_middle":4,"minecraft:air":0,"minecraft:oak_boat":3,"minecraft:dark_oak_slab":120,"minecraft:iron_chestplate":1,"mcwbridges:dark_oak_log_bridge_middle":40,"minecraft:diamond_pickaxe":2,"minecraft:charcoal":1,"minecraft:stick":32,"minecraft:iron_ingot":48,"minecraft:iron_pickaxe":3,"minecraft:stone_sword":1,"minecraft:iron_leggings":1,"minecraft:torch":68},"minecraft:broken":{"minecraft:stone_pickaxe":1,"minecraft:iron_pickaxe":3},"minecraft:dropped":{"minecraft:oak_slab":7,"minecraft:moss_block":1,"minecraft:golden_horse_armor":1,"minecraft:crafting_table":1,"dynamictrees:dark_oak_seed":8,"minecraft:oak_fence":6,"minecraft:feather":2,"minecraft:cobblestone":21,"minecraft:tropical_fish":3,"minecraft:coal":17,"mcwbridges:oak_log_bridge_middle":2,"minecraft:stick":17,"mcwbridges:dark_oak_log_bridge_middle":1,"minecraft:dirt":1,"minecraft:dark_oak_log":1,"minecraft:dark_oak_fence":1,"minecraft:cooked_salmon":2,"gravestone:obituary":3,"minecraft:bone_meal":2,"minecraft:birch_log":53,"minecraft:white_wool":2,"minecraft:gravel":1,"minecraft:furnace":1,"minecraft:stone_axe":2,"minecraft:sugar_cane":3,"minecraft:stone_sword":2,"minecraft:cobbled_deepslate":67,"minecraft:raw_copper":27,"minecraft:birch_sapling":40,"minecraft:rotten_flesh":5,"minecraft:oak_planks":64,"minecraft:cooked_mutton":2,"minecraft:gunpowder":3,"minecraft:diamond_pickaxe":1,"minecraft:oak_sapling":34,"minecraft:oak_boat":1,"minecraft:spider_eye":1,"minecraft:arrow":3,"minecraft:wooden_pickaxe":5,"minecraft:stone_pickaxe":1},"minecraft:custom":{"minecraft:mob_kills":57,"minecraft:interact_with_crafting_table":44,"minecraft:leave_game":6,"minecraft:time_since_death":88228,"minecraft:climb_one_cm":1066,"minecraft:sprint_one_cm":333330,"minecraft:walk_one_cm":567432,"minecraft:drop":77,"minecraft:play_time":232057,"minecraft:deaths":4,"minecraft:sneak_time":12484,"minecraft:walk_under_water_one_cm":17038,"minecraft:boat_one_cm":227449,"minecraft:jump":3263,"minecraft:walk_on_water_one_cm":25891,"minecraft:total_world_time":232057,"minecraft:interact_with_furnace":61,"minecraft:sleep_in_bed":6,"minecraft:time_since_rest":3618,"minecraft:damage_taken":3780,"minecraft:damage_dealt":7110,"minecraft:swim_one_cm":22697,"minecraft:fly_one_cm":318107,"minecraft:open_chest":33,"minecraft:crouch_one_cm":36156,"minecraft:fall_one_cm":60485}},"DataVersion":3465}