{"stats":{"minecraft:mined":{"minecraft:tuff":3,"dynamictrees:dark_oak_sapling":2,"minecraft:dark_oak_log":2,"minecraft:cave_vines_plant":2,"gravestone:gravestone":3,"minecraft:grass_block":23,"minecraft:moss_block":1,"minecraft:large_fern":1,"minecraft:magma_block":1,"minecraft:furnace":6,"dynamictrees:dark_oak_leaves":4,"minecraft:iron_ore":78,"minecraft:andesite":7,"dynamictrees:dark_oak_root":9,"dynamictrees:spruce_leaves":2,"minecraft:cave_vines":2,"minecraft:deepslate_iron_ore":3,"minecraft:stone":279,"minecraft:oak_slab":1,"minecraft:flowering_azalea":1,"minecraft:crafting_table":2,"minecraft:clay":6,"minecraft:torch":6,"minecraft:chest":1,"minecraft:copper_ore":2,"minecraft:cobblestone":4,"mcwbridges:dark_oak_log_bridge_middle":24,"minecraft:lapis_ore":1,"minecraft:oak_planks":6,"mcwbridges:oak_log_bridge_middle":15,"minecraft:diorite":4,"minecraft:wall_torch":1,"rftoolsbase:dimensionalshard_overworld":2,"minecraft:dark_oak_slab":7,"minecraft:birch_log":46,"minecraft:sweet_berry_bush":14,"minecraft:birch_leaves":8,"minecraft:grass":2,"minecraft:oak_log":19,"minecraft:coal_ore":52,"minecraft:gravel":1,"minecraft:dirt":15,"minecraft:oak_leaves":2,"minecraft:deepslate":49,"minecraft:fern":2},"minecraft:picked_up":{"minecraft:crafting_table":3,"minecraft:chicken":2,"minecraft:wooden_pickaxe":3,"mcwbridges:dark_oak_log_bridge_middle":23,"minecraft:moss_carpet":5,"dynamictrees:dark_oak_seed":11,"minecraft:cobbled_deepslate":72,"mcwbridges:oak_log_bridge_middle":13,"minecraft:beef":10,"minecraft:iron_pickaxe":1,"minecraft:chest":1,"minecraft:birch_sapling":32,"minecraft:furnace":9,"minecraft:stick":38,"minecraft:raw_iron":81,"minecraft:torch":40,"minecraft:porkchop":12,"minecraft:arrow":1,"minecraft:rotten_flesh":6,"minecraft:tropical_fish":3,"minecraft:beetroot_seeds":3,"minecraft:mutton":8,"minecraft:white_wool":2,"minecraft:cobblestone":254,"minecraft:birch_log":37,"minecraft:magma_block":1,"minecraft:feather":4,"minecraft:andesite":1,"minecraft:salmon":14,"minecraft:leather":4,"minecraft:tuff":3,"minecraft:oak_log":19,"minecraft:lapis_lazuli":8,"minecraft:dirt":38,"minecraft:cooked_mutton":1,"rftoolsbase:dimensionalshard":17,"minecraft:moss_block":1,"minecraft:oak_planks":8,"minecraft:oak_slab":1,"minecraft:dark_oak_slab":7,"minecraft:sweet_berries":34,"minecraft:gravel":2,"minecraft:dark_oak_log":36,"minecraft:stone_axe":2,"minecraft:bone_meal":1,"minecraft:oak_sapling":40,"minecraft:coal":154},"minecraft:killed":{"minecraft:skeleton":1,"minecraft:chicken":2,"minecraft:wolf":2,"minecraft:pig":5,"minecraft:salmon":15,"minecraft:sheep":2,"minecraft:zombie":14,"minecraft:cow":4},"minecraft:used":{"minecraft:moss_carpet":5,"minecraft:stone_sword":114,"minecraft:chest":3,"minecraft:iron_sword":5,"minecraft:cooked_salmon":10,"minecraft:rotten_flesh":1,"minecraft:torch":38,"minecraft:dirt":45,"mcwbridges:dark_oak_log_bridge_middle":50,"mcwbridges:oak_log_bridge_middle":15,"minecraft:dark_oak_slab":17,"minecraft:sweet_berries":26,"minecraft:oak_sapling":1,"minecraft:furnace":6,"dynamictrees:dark_oak_seed":3,"minecraft:cooked_beef":4,"minecraft:cooked_mutton":2,"minecraft:stone_pickaxe":163,"minecraft:oak_planks":172,"minecraft:wooden_pickaxe":15,"minecraft:oak_slab":3,"minecraft:crafting_table":4,"minecraft:iron_pickaxe":334,"minecraft:stone_axe":144,"minecraft:cobblestone":208,"minecraft:cooked_porkchop":3,"minecraft:andesite":1,"minecraft:oak_boat":2},"minecraft:killed_by":{"minecraft:player":1,"minecraft:creeper":1,"minecraft:skeleton":1},"minecraft:crafted":{"minecraft:oak_planks":200,"minecraft:furnace":1,"minecraft:cooked_mutton":3,"minecraft:dark_oak_fence":21,"minecraft:stone_pickaxe":1,"minecraft:chest":2,"minecraft:dark_oak_planks":140,"minecraft:oak_fence":6,"minecraft:cooked_beef":4,"minecraft:oak_slab":12,"minecraft:cooked_porkchop":24,"minecraft:crafting_table":3,"minecraft:wooden_pickaxe":2,"minecraft:iron_sword":1,"minecraft:cooked_salmon":8,"minecraft:birch_planks":24,"minecraft:stone_axe":1,"mcwbridges:oak_log_bridge_middle":4,"minecraft:air":0,"minecraft:oak_boat":3,"minecraft:dark_oak_slab":120,"mcwbridges:dark_oak_log_bridge_middle":40,"minecraft:charcoal":1,"minecraft:stick":12,"minecraft:iron_ingot":23,"minecraft:iron_pickaxe":2,"minecraft:stone_sword":1},"minecraft:broken":{"minecraft:stone_pickaxe":1,"minecraft:iron_pickaxe":1},"minecraft:dropped":{"minecraft:moss_block":1,"minecraft:golden_horse_armor":1,"minecraft:crafting_table":1,"minecraft:oak_fence":2,"minecraft:feather":2,"minecraft:cobblestone":20,"minecraft:tropical_fish":1,"minecraft:stick":17,"minecraft:dirt":1,"mcwbridges:dark_oak_log_bridge_middle":1,"minecraft:dark_oak_log":1,"minecraft:cooked_salmon":2,"gravestone:obituary":3,"minecraft:bone_meal":2,"minecraft:birch_log":53,"minecraft:white_wool":2,"minecraft:gravel":1,"minecraft:furnace":1,"minecraft:stone_axe":2,"minecraft:sugar_cane":3,"minecraft:stone_sword":2,"minecraft:raw_copper":27,"minecraft:birch_sapling":40,"minecraft:rotten_flesh":5,"minecraft:oak_planks":64,"minecraft:cooked_mutton":2,"minecraft:gunpowder":1,"minecraft:oak_boat":1,"minecraft:oak_sapling":34,"minecraft:arrow":2,"minecraft:wooden_pickaxe":5,"minecraft:stone_pickaxe":1},"minecraft:custom":{"minecraft:mob_kills":47,"minecraft:interact_with_crafting_table":17,"minecraft:leave_game":6,"minecraft:time_since_death":22654,"minecraft:climb_one_cm":1066,"minecraft:sprint_one_cm":229288,"minecraft:walk_one_cm":379883,"minecraft:drop":62,"minecraft:play_time":166483,"minecraft:deaths":4,"minecraft:sneak_time":9759,"minecraft:walk_under_water_one_cm":16791,"minecraft:boat_one_cm":227449,"minecraft:jump":2092,"minecraft:walk_on_water_one_cm":16652,"minecraft:total_world_time":166483,"minecraft:interact_with_furnace":35,"minecraft:sleep_in_bed":2,"minecraft:time_since_rest":22683,"minecraft:damage_taken":2626,"minecraft:damage_dealt":4790,"minecraft:swim_one_cm":22697,"minecraft:fly_one_cm":214144,"minecraft:open_chest":11,"minecraft:crouch_one_cm":28789,"minecraft:fall_one_cm":48437}},"DataVersion":3465}