{"stats":{"minecraft:crafted":{"minecraft:brick":0,"rftoolsbuilder:shape_card_quarry":1,"minecraft:oak_planks":200,"mekanism:electrolytic_separator":1,"mekanism:electrolytic_core":1,"projecte:alchemical_chest":1,"mekanism:advanced_energy_cube":1,"projecte:high_covalence_dust":40,"minecraft:stone":1,"minecraft:diamond_shovel":1,"mekanismgenerators:heat_generator":1,"minecraft:cooked_mutton":7,"minecraft:quartz_block":1,"minecraft:glass":5,"minecraft:hopper":3,"rftoolsbuilder:shape_card_def":2,"minecraft:diamond_leggings":1,"minecraft:iron_boots":1,"minecraft:chest":4,"projecte:transmutation_table":1,"minecraft:bricks":1,"mekanism:ingot_steel":0,"minecraft:oak_fence":6,"mekanism:energy_tablet":1,"projecte:dark_matter":1,"mekanism:ingot_tin":5,"projecte:collector_mk2":1,"rftoolspower:coalgenerator":1,"minecraft:oak_slab":12,"minecraft:cooked_porkchop":24,"minecraft:crafting_table":6,"minecraft:wooden_pickaxe":2,"minecraft:iron_helmet":1,"projecte:philosophers_stone":1,"minecraft:copper_ingot":0,"minecraft:birch_planks":40,"mcwbridges:oak_log_bridge_middle":4,"minecraft:diamond_pickaxe":2,"minecraft:dark_oak_slab":120,"minecraft:iron_chestplate":1,"minecraft:paper":3,"minecraft:charcoal":2,"mekanism:steel_casing":1,"minecraft:stick":40,"mekanism:crusher":1,"minecraft:iron_ingot":48,"minecraft:iron_pickaxe":3,"projecte:medium_covalence_dust":40,"minecraft:stone_sword":1,"minecraft:gold_ingot":0,"minecraft:redstone_torch":1,"projecte:collector_mk1":1,"projecte:condenser_mk1":1,"minecraft:shears":1,"rftoolsbase:machine_frame":1,"mekanismgenerators:wind_generator":1,"ironfurnaces:gold_furnace":1,"minecraft:furnace":6,"mekanism:energized_smelter":1,"mekanism:ingot_uranium":0,"minecraft:glass_pane":336,"minecraft:diamond_block":2,"projecte:aeternalis_fuel":1,"minecraft:dark_oak_fence":21,"minecraft:iron_axe":1,"minecraft:iron_hoe":2,"minecraft:stone_pickaxe":1,"mekanism:electric_pump":1,"minecraft:dark_oak_planks":332,"rftoolsbuilder:shape_card_quarry_clear":1,"minecraft:cooked_beef":4,"minecraft:coal_block":1,"projecte:collector_mk3":1,"rftoolsbase:filter_module":1,"minecraft:diamond_sword":1,"minecraft:dark_oak_stairs":76,"mekanism:metallurgic_infuser":2,"minecraft:iron_sword":1,"rftoolspower:powercell_card":1,"mekanism:basic_infusing_factory":1,"minecraft:cooked_salmon":8,"minecraft:bucket":1,"rftoolsbuilder:builder":1,"minecraft:stone_axe":1,"minecraft:glowstone":16,"projecte:low_covalence_dust":40,"minecraft:air":0,"minecraft:blue_dye":2,"projecte:alchemical_coal":1,"minecraft:oak_boat":3,"mcwbridges:dark_oak_log_bridge_middle":40,"mekanism:basic_energy_cube":1,"minecraft:gold_nugget":18,"minecraft:iron_shovel":2,"minecraft:iron_leggings":1,"mekanism:basic_mechanical_pipe":8,"minecraft:torch":136,"minecraft:diamond_chestplate":1},"minecraft:dropped":{"minecraft:iron_sword":1,"minecraft:birch_planks":1,"minecraft:moss_block":1,"mekanism:jetpack":2,"mekanism:electric_pump":2,"minecraft:lapis_lazuli":96,"minecraft:glass_bottle":2,"minecraft:diamond":1,"minecraft:crafting_table":1,"minecraft:leather":2,"mekanism:basic_control_circuit":1,"mcwbridges:dark_oak_log_bridge_middle":1,"minecraft:dirt":482,"minecraft:dark_oak_log":1,"mekanism:steel_casing":1,"minecraft:dark_oak_fence":1,"gravestone:obituary":9,"minecraft:bone_meal":2,"projecte:philosophers_stone":1,"minecraft:phantom_membrane":1,"minecraft:sand":76,"minecraft:birch_log":53,"minecraft:white_wool":2,"mekanismgenerators:wind_generator":1,"minecraft:bone":9,"minecraft:gravel":3,"minecraft:stone_axe":2,"minecraft:sugar_cane":3,"mekanism:dust_gold":2,"minecraft:cobbled_deepslate":290,"minecraft:birch_sapling":40,"minecraft:rotten_flesh":5,"minecraft:oak_planks":64,"minecraft:cooked_mutton":2,"mekanism:alloy_infused":2,"minecraft:gunpowder":3,"mekanism:energy_tablet":1,"minecraft:glowstone":5,"projecte:watch_of_flowing_time":1,"minecraft:arrow":4,"minecraft:netherrack":1,"mekanism:dust_steel":1,"minecraft:oak_slab":7,"minecraft:wheat_seeds":2,"minecraft:golden_horse_armor":1,"dynamictrees:dark_oak_seed":8,"minecraft:oak_fence":6,"minecraft:feather":4,"minecraft:cobblestone":2378,"minecraft:book":58,"minecraft:tropical_fish":3,"mcwbridges:oak_log_bridge_middle":2,"minecraft:coal":18,"minecraft:stick":17,"minecraft:lava_bucket":1,"minecraft:dark_oak_leaves":10,"mekanism:enriched_iron":64,"minecraft:diorite":104,"minecraft:cooked_salmon":2,"mekanism:dust_osmium":1,"minecraft:iron_leggings":1,"projecte:condenser_mk1":1,"minecraft:bucket":16,"projecte:red_matter":1,"minecraft:furnace":1,"minecraft:moss_carpet":2,"minecraft:stone_sword":2,"minecraft:raw_copper":40,"minecraft:clay_ball":56,"mekanism:basic_mechanical_pipe":1,"minecraft:glass_pane":79,"minecraft:pumpkin_seeds":9,"minecraft:diamond_pickaxe":1,"minecraft:andesite":147,"minecraft:oak_boat":1,"minecraft:oak_sapling":34,"projecte:mobius_fuel":1,"minecraft:spider_eye":2,"minecraft:bow":1,"minecraft:stone_pickaxe":1,"minecraft:wooden_pickaxe":5,"minecraft:raw_gold":2,"mekanism:ingot_steel":1,"projecte:aeternalis_fuel_block":2},"minecraft:killed_by":{"minecraft:creeper":3,"minecraft:cave_spider":1,"minecraft:player":1,"minecraft:spider":1,"minecraft:enderman":1,"minecraft:skeleton":1},"minecraft:broken":{"minecraft:stone_pickaxe":1,"minecraft:iron_hoe":2,"minecraft:iron_pickaxe":3,"minecraft:iron_helmet":1},"minecraft:custom":{"minecraft:interact_with_crafting_table":154,"minecraft:leave_game":19,"minecraft:time_since_death":413256,"minecraft:sprint_one_cm":1153456,"minecraft:drop":214,"minecraft:play_time":994528,"minecraft:deaths":9,"minecraft:jump":8780,"minecraft:walk_on_water_one_cm":99018,"minecraft:interact_with_furnace":110,"minecraft:sleep_in_bed":19,"minecraft:damage_dealt":18336,"minecraft:crouch_one_cm":97106,"minecraft:mob_kills":136,"minecraft:inspect_hopper":1,"minecraft:climb_one_cm":2361,"minecraft:walk_one_cm":1798144,"minecraft:sneak_time":28276,"minecraft:walk_under_water_one_cm":44054,"minecraft:boat_one_cm":227449,"minecraft:total_world_time":994528,"minecraft:time_since_rest":112774,"minecraft:damage_taken":11659,"minecraft:swim_one_cm":27289,"minecraft:fly_one_cm":1106857,"minecraft:open_chest":437,"minecraft:fall_one_cm":225546},"minecraft:used":{"minecraft:beetroot":1,"minecraft:moss_carpet":5,"minecraft:iron_shovel":429,"rftoolspower:coalgenerator":16,"minecraft:chest":12,"projecte:alchemical_chest":1,"minecraft:stone":218,"minecraft:iron_sword":107,"minecraft:rotten_flesh":1,"mekanism:basic_mechanical_pipe":4,"mcwbridges:dark_oak_log_bridge_middle":115,"mekanism:basic_universal_cable":37,"minecraft:tuff":55,"minecraft:obsidian":11,"mekanism:basic_energy_cube":1,"minecraft:quartz_block":3,"mekanismgenerators:wind_generator":4,"rftoolsbuilder:shape_card_def":30,"minecraft:dark_oak_slab":26,"minecraft:sweet_berries":50,"pipez:item_pipe":8,"minecraft:oak_sapling":1,"minecraft:furnace":6,"minecraft:beetroot_seeds":279,"mekanism:jetpack_armored":1,"rftoolsbuilder:shape_card_quarry":17,"minecraft:dark_oak_stairs":43,"minecraft:oak_planks":172,"minecraft:stone_pickaxe":163,"minecraft:ender_pearl":3,"minecraft:blackstone":10,"minecraft:wooden_pickaxe":15,"mekanism:basic_infusing_factory":1,"rftoolsbuilder:builder":11,"minecraft:shears":10,"mekanism:advanced_energy_cube":9,"projecte:transmutation_table":2,"mekanism:crusher":1,"mekanism:metallurgic_infuser":5,"projecte:relay_mk3":1,"minecraft:diamond_sword":162,"minecraft:andesite":1,"rftoolsbuilder:shape_card_quarry_clear":7,"minecraft:oak_boat":2,"minecraft:bone_meal":14,"mekanism:jetpack":4,"ironfurnaces:gold_furnace":1,"minecraft:rose_bush":5,"minecraft:stone_sword":114,"minecraft:redstone":2,"minecraft:cooked_salmon":10,"minecraft:netherrack":11,"minecraft:torch":181,"minecraft:dirt":287,"minecraft:hopper":1,"minecraft:granite":9,"minecraft:iron_hoe":500,"minecraft:dark_oak_planks":70,"mcwbridges:oak_log_bridge_middle":15,"minecraft:iron_axe":184,"mekanismgenerators:heat_generator":2,"minecraft:basalt":52,"minecraft:glowstone":54,"projecte:collector_mk3":4,"dynamictrees:dark_oak_seed":3,"minecraft:cooked_beef":4,"mekanism:electrolytic_separator":2,"minecraft:cobbled_deepslate":284,"minecraft:cooked_mutton":108,"minecraft:water_bucket":73,"mekanism:electric_pump":1,"minecraft:birch_planks":44,"minecraft:oak_slab":3,"minecraft:crafting_table":7,"projecte:collector_mk2":14,"minecraft:diamond_pickaxe":871,"minecraft:chicken":1,"minecraft:iron_pickaxe":755,"mekanism:energized_smelter":2,"projecte:collector_mk1":1,"minecraft:stone_axe":144,"pipez:universal_pipe":5,"minecraft:cobblestone":463,"minecraft:cooked_porkchop":13,"minecraft:bucket":68,"minecraft:glass_pane":66,"pipez:energy_pipe":2,"projecte:condenser_mk1":9,"minecraft:diamond_leggings":1},"minecraft:mined":{"minecraft:dark_oak_planks":9,"minecraft:farmland":3,"mekanism:energized_smelter":1,"mekanism:electrolytic_separator":1,"minecraft:obsidian":13,"minecraft:cave_vines_plant":2,"minecraft:granite":2,"minecraft:grass_block":192,"minecraft:soul_soil":18,"projecte:condenser_mk1":10,"minecraft:magma_block":1,"minecraft:glowstone":25,"minecraft:iron_ore":91,"minecraft:cobbled_deepslate":4,"minecraft:moss_carpet":2,"minecraft:deepslate_lapis_ore":3,"minecraft:dark_oak_stairs":2,"minecraft:cave_vines":2,"projecte:collector_mk1":1,"mekanism:advanced_energy_cube":7,"minecraft:deepslate_redstone_ore":17,"mekanism:osmium_ore":2,"minecraft:blackstone":11,"pipez:energy_pipe":3,"ironfurnaces:iron_furnace":1,"minecraft:clay":20,"minecraft:torch":17,"minecraft:chest":11,"minecraft:nether_quartz_ore":12,"minecraft:cobblestone":55,"projecte:collector_mk2":11,"minecraft:oak_planks":6,"minecraft:sugar_cane":5,"mcwbridges:dark_oak_log_bridge_middle":26,"minecraft:wall_torch":15,"minecraft:deepslate_copper_ore":2,"rftoolsbase:dimensionalshard_overworld":10,"minecraft:dark_oak_slab":7,"projecte:collector_mk3":2,"mekanism:fluorite_ore":1,"minecraft:birch_log":46,"minecraft:wheat":1,"rftoolsbuilder:support_block":4,"minecraft:grass":5,"mekanism:deepslate_tin_ore":4,"dynamictrees:dark_oak_branch":52,"minecraft:oak_log":19,"minecraft:beetroots":55,"mekanism:lead_ore":3,"minecraft:sand":15,"minecraft:dirt":298,"mekanism:basic_universal_cable":22,"minecraft:netherrack":64,"minecraft:oak_leaves":2,"minecraft:deepslate":401,"minecraft:tuff":58,"dynamictrees:dark_oak_sapling":2,"minecraft:deepslate_diamond_ore":23,"minecraft:dark_oak_log":2,"rftoolsbuilder:builder":10,"mekanism:deepslate_osmium_ore":7,"mekanismgenerators:heat_generator":1,"gravestone:gravestone":7,"minecraft:redstone_wire":1,"minecraft:moss_block":1,"minecraft:large_fern":1,"minecraft:furnace":7,"dynamictrees:dark_oak_leaves":65,"projecte:alchemical_chest":1,"minecraft:andesite":14,"dynamictrees:dark_oak_root":13,"rftoolspower:coalgenerator":12,"dynamictrees:spruce_leaves":2,"minecraft:deepslate_iron_ore":14,"minecraft:stone":558,"projecte:relay_mk3":1,"mekanism:deepslate_lead_ore":1,"minecraft:oak_slab":1,"mekanism:crusher":1,"minecraft:flowering_azalea":1,"minecraft:glass_pane":44,"minecraft:soul_sand":12,"mekanism:basic_energy_cube":1,"minecraft:basalt":114,"pipez:item_pipe":6,"minecraft:crafting_table":3,"minecraft:rose_bush":1,"minecraft:copper_ore":2,"minecraft:tall_grass":7,"minecraft:lapis_ore":6,"minecraft:deepslate_gold_ore":8,"mcwbridges:oak_log_bridge_middle":15,"mekanism:metallurgic_infuser":4,"minecraft:diorite":4,"projecte:transmutation_table":1,"minecraft:air":62,"pipez:universal_pipe":11,"minecraft:birch_planks":32,"minecraft:sweet_berry_bush":14,"minecraft:birch_leaves":8,"minecraft:coal_ore":53,"minecraft:gravel":12,"mekanism:deepslate_fluorite_ore":6,"mekanism:deepslate_uranium_ore":7,"mekanism:electric_pump":1,"minecraft:fern":2},"minecraft:killed":{"minecraft:witch":2,"minecraft:spider":2,"minecraft:skeleton":12,"minecraft:chicken":3,"minecraft:magma_cube":27,"minecraft:wolf":2,"minecraft:pig":5,"minecraft:salmon":15,"minecraft:creeper":1,"minecraft:sheep":2,"minecraft:zombie":41,"minecraft:ghast":2,"minecraft:blaze":1,"minecraft:cow":4,"minecraft:phantom":8,"minecraft:drowned":3,"minecraft:enderman":2},"minecraft:picked_up":{"minecraft:wheat":1,"mekanism:electrolytic_separator":1,"mekanism:raw_uranium":7,"projecte:alchemical_chest":1,"projecte:condenser_mk1":10,"minecraft:enchanted_book":6,"mcwbridges:dark_oak_log_bridge_middle":24,"minecraft:soul_soil":18,"mekanismgenerators:heat_generator":1,"minecraft:raw_copper":9,"projecte:aeternalis_fuel":8,"pipez:energy_pipe":4,"minecraft:beetroot":53,"dynamictrees:dark_oak_seed":28,"minecraft:cobbled_deepslate":1837,"mcwbridges:oak_log_bridge_middle":13,"mekanism:basic_universal_cable":23,"minecraft:dark_oak_leaves":10,"minecraft:rose_bush":5,"minecraft:iron_pickaxe":1,"minecraft:furnace":10,"minecraft:stick":60,"minecraft:oak_fence":2,"minecraft:torch":64,"projecte:dark_matter":1,"minecraft:porkchop":12,"minecraft:diorite":25,"projecte:red_matter":1,"mekanism:raw_tin":5,"projecte:watch_of_flowing_time":1,"minecraft:quartz_block":173,"minecraft:rotten_flesh":34,"minecraft:tropical_fish":11,"mekanism:ingot_osmium":5,"minecraft:blaze_rod":1,"minecraft:obsidian":16,"minecraft:cobblestone":1441,"minecraft:birch_log":44,"minecraft:magma_block":1,"minecraft:feather":6,"minecraft:magma_cream":1,"minecraft:andesite":209,"mekanism:jetpack_armored":1,"minecraft:tuff":210,"rftoolsbuilder:builder":10,"minecraft:lapis_lazuli":131,"minecraft:dirt":515,"projecte:collector_mk3":2,"minecraft:glass":19,"minecraft:bone":13,"pipez:fluid_pipe":1,"minecraft:bow":2,"minecraft:wheat_seeds":7,"minecraft:raw_gold":14,"projecte:philosophers_stone":1,"minecraft:glowstone_dust":106,"minecraft:moss_block":1,"minecraft:oak_planks":8,"ironfurnaces:iron_furnace":1,"minecraft:ghast_tear":1,"mekanism:metallurgic_infuser":4,"minecraft:sand":79,"minecraft:dark_oak_log":84,"minecraft:sugar":2,"minecraft:diamond":23,"minecraft:granite":16,"minecraft:bone_meal":2,"mekanism:advanced_energy_cube":7,"projecte:transmutation_table":1,"minecraft:oak_sapling":40,"minecraft:netherrack":59,"minecraft:diamond_pickaxe":1,"minecraft:crafting_table":4,"minecraft:chicken":3,"minecraft:clay_ball":120,"minecraft:wooden_pickaxe":3,"minecraft:gold_block":1,"gravestone:obituary":3,"projecte:relay_mk3":1,"minecraft:moss_carpet":9,"mekanism:energized_smelter":1,"minecraft:blackstone":10,"minecraft:beef":10,"mekanism:dust_gold":1,"minecraft:sugar_cane":9,"minecraft:chest":10,"minecraft:birch_sapling":32,"minecraft:phantom_membrane":7,"minecraft:egg":1,"minecraft:raw_iron":105,"minecraft:stone":147,"mekanism:jetpack":1,"pipez:item_pipe":7,"mekanism:basic_energy_cube":1,"minecraft:redstone":146,"minecraft:dark_oak_planks":9,"minecraft:arrow":6,"projecte:collector_mk2":13,"minecraft:beetroot_seeds":131,"minecraft:gold_ingot":24,"mekanism:ingot_lead":1,"minecraft:mutton":8,"minecraft:white_wool":2,"mekanism:electric_pump":1,"minecraft:basalt":104,"minecraft:glow_ink_sac":1,"mekanism:raw_lead":3,"minecraft:salmon":14,"rftoolspower:coalgenerator":12,"minecraft:leather":6,"mekanism:dust_tin":4,"minecraft:birch_planks":27,"minecraft:oak_log":19,"minecraft:gunpowder":5,"pipez:universal_pipe":20,"minecraft:cooked_mutton":9,"rftoolsbase:dimensionalshard":55,"minecraft:iron_ingot":8,"minecraft:glass_bottle":4,"minecraft:soul_sand":17,"minecraft:dark_oak_stairs":2,"minecraft:book":58,"minecraft:oak_slab":1,"minecraft:dark_oak_slab":7,"minecraft:sweet_berries":34,"minecraft:quartz":12,"projecte:mobius_fuel":4,"minecraft:gravel":23,"projecte:collector_mk1":1,"mekanism:raw_osmium":9,"minecraft:spider_eye":2,"minecraft:pumpkin_seeds":18,"minecraft:stone_axe":2,"mekanism:fluorite_gem":20,"minecraft:coal":170,"minecraft:ender_pearl":2}},"DataVersion":3465}