{"stats":{"minecraft:mined":{"minecraft:dark_oak_planks":9,"minecraft:tuff":57,"minecraft:farmland":3,"dynamictrees:dark_oak_sapling":2,"minecraft:deepslate_diamond_ore":11,"minecraft:dark_oak_log":2,"minecraft:obsidian":13,"minecraft:cave_vines_plant":2,"gravestone:gravestone":4,"minecraft:granite":2,"minecraft:grass_block":98,"minecraft:moss_block":1,"minecraft:large_fern":1,"projecte:condenser_mk1":1,"minecraft:magma_block":1,"minecraft:glowstone":21,"minecraft:furnace":7,"dynamictrees:dark_oak_leaves":4,"minecraft:iron_ore":87,"projecte:alchemical_chest":1,"minecraft:cobbled_deepslate":1,"minecraft:andesite":7,"minecraft:moss_carpet":2,"dynamictrees:dark_oak_root":10,"dynamictrees:spruce_leaves":2,"minecraft:dark_oak_stairs":2,"minecraft:cave_vines":2,"minecraft:deepslate_iron_ore":10,"projecte:collector_mk1":1,"minecraft:stone":381,"minecraft:deepslate_redstone_ore":15,"minecraft:oak_slab":1,"minecraft:flowering_azalea":1,"minecraft:basalt":12,"ironfurnaces:iron_furnace":1,"minecraft:clay":9,"minecraft:crafting_table":2,"minecraft:torch":11,"minecraft:chest":1,"minecraft:copper_ore":2,"minecraft:tall_grass":1,"minecraft:cobblestone":5,"minecraft:sugar_cane":2,"projecte:collector_mk2":10,"minecraft:oak_planks":6,"minecraft:deepslate_gold_ore":7,"minecraft:lapis_ore":3,"mcwbridges:oak_log_bridge_middle":15,"mcwbridges:dark_oak_log_bridge_middle":26,"projecte:transmutation_table":1,"minecraft:diorite":4,"minecraft:wall_torch":10,"rftoolsbase:dimensionalshard_overworld":2,"minecraft:dark_oak_slab":7,"minecraft:wheat":1,"minecraft:birch_log":46,"minecraft:sweet_berry_bush":14,"minecraft:birch_leaves":8,"minecraft:grass":4,"minecraft:coal_ore":53,"minecraft:oak_log":19,"minecraft:beetroots":2,"minecraft:gravel":3,"minecraft:dirt":156,"minecraft:sand":4,"minecraft:netherrack":28,"minecraft:oak_leaves":2,"minecraft:deepslate":304,"minecraft:fern":2},"minecraft:picked_up":{"minecraft:crafting_table":3,"minecraft:wheat":1,"minecraft:chicken":2,"minecraft:clay_ball":8,"minecraft:wooden_pickaxe":3,"projecte:alchemical_chest":1,"projecte:condenser_mk1":1,"minecraft:gold_block":1,"mcwbridges:dark_oak_log_bridge_middle":24,"minecraft:moss_carpet":7,"projecte:aeternalis_fuel":8,"minecraft:beetroot":1,"dynamictrees:dark_oak_seed":28,"minecraft:cobbled_deepslate":395,"mcwbridges:oak_log_bridge_middle":13,"minecraft:beef":10,"minecraft:sugar_cane":5,"minecraft:iron_pickaxe":1,"minecraft:egg":1,"minecraft:chest":1,"minecraft:birch_sapling":32,"minecraft:phantom_membrane":3,"minecraft:furnace":10,"minecraft:stick":58,"minecraft:raw_iron":97,"minecraft:oak_fence":2,"minecraft:torch":54,"minecraft:porkchop":12,"minecraft:redstone":124,"minecraft:dark_oak_planks":9,"minecraft:arrow":2,"projecte:collector_mk2":12,"minecraft:rotten_flesh":21,"minecraft:tropical_fish":11,"minecraft:beetroot_seeds":4,"minecraft:gold_ingot":24,"minecraft:obsidian":16,"minecraft:mutton":8,"minecraft:white_wool":2,"minecraft:cobblestone":335,"minecraft:birch_log":37,"minecraft:magma_block":1,"minecraft:feather":4,"minecraft:basalt":11,"minecraft:salmon":14,"minecraft:andesite":1,"minecraft:leather":4,"minecraft:tuff":55,"minecraft:oak_log":19,"minecraft:gunpowder":2,"minecraft:lapis_lazuli":23,"minecraft:dirt":217,"minecraft:cooked_mutton":5,"rftoolsbase:dimensionalshard":17,"minecraft:wheat_seeds":5,"minecraft:raw_gold":13,"minecraft:iron_ingot":4,"minecraft:glass_bottle":4,"minecraft:glowstone_dust":96,"minecraft:moss_block":1,"minecraft:oak_planks":8,"ironfurnaces:iron_furnace":1,"minecraft:dark_oak_stairs":2,"minecraft:oak_slab":1,"minecraft:dark_oak_slab":7,"minecraft:sweet_berries":34,"projecte:mobius_fuel":4,"minecraft:gravel":6,"minecraft:sand":4,"projecte:collector_mk1":1,"minecraft:dark_oak_log":84,"minecraft:spider_eye":1,"minecraft:sugar":2,"minecraft:diamond":12,"minecraft:stone_axe":2,"minecraft:granite":11,"minecraft:bone_meal":2,"projecte:transmutation_table":1,"minecraft:oak_sapling":40,"minecraft:netherrack":27,"minecraft:coal":169,"minecraft:ender_pearl":1},"minecraft:killed":{"minecraft:witch":2,"minecraft:spider":1,"minecraft:phantom":2,"minecraft:skeleton":2,"minecraft:chicken":2,"minecraft:wolf":2,"minecraft:pig":5,"minecraft:salmon":15,"minecraft:sheep":2,"minecraft:zombie":34,"minecraft:enderman":1,"minecraft:cow":4},"minecraft:used":{"minecraft:beetroot":1,"ironfurnaces:gold_furnace":1,"minecraft:moss_carpet":5,"minecraft:stone_sword":114,"minecraft:iron_shovel":215,"minecraft:chest":3,"projecte:alchemical_chest":1,"minecraft:iron_sword":107,"minecraft:cooked_salmon":10,"minecraft:rotten_flesh":1,"minecraft:torch":127,"minecraft:dirt":223,"mcwbridges:dark_oak_log_bridge_middle":115,"minecraft:granite":9,"minecraft:tuff":55,"minecraft:obsidian":11,"minecraft:dark_oak_planks":70,"minecraft:iron_hoe":500,"mcwbridges:oak_log_bridge_middle":15,"minecraft:iron_axe":17,"minecraft:dark_oak_slab":26,"minecraft:glowstone":49,"minecraft:basalt":11,"minecraft:sweet_berries":50,"minecraft:oak_sapling":1,"minecraft:furnace":6,"minecraft:beetroot_seeds":237,"dynamictrees:dark_oak_seed":3,"minecraft:cooked_beef":4,"minecraft:cobbled_deepslate":192,"minecraft:cooked_mutton":28,"minecraft:dark_oak_stairs":43,"minecraft:water_bucket":25,"minecraft:oak_planks":172,"minecraft:stone_pickaxe":163,"minecraft:wooden_pickaxe":15,"minecraft:oak_slab":3,"minecraft:crafting_table":6,"projecte:collector_mk2":14,"projecte:transmutation_table":2,"minecraft:diamond_pickaxe":146,"minecraft:iron_pickaxe":755,"projecte:collector_mk1":1,"minecraft:stone_axe":144,"minecraft:diamond_sword":27,"minecraft:cobblestone":281,"minecraft:cooked_porkchop":13,"minecraft:andesite":1,"minecraft:bucket":25,"minecraft:oak_boat":2,"projecte:condenser_mk1":2,"minecraft:bone_meal":5},"minecraft:killed_by":{"minecraft:player":1,"minecraft:creeper":1,"minecraft:enderman":1,"minecraft:skeleton":1},"minecraft:crafted":{"minecraft:brick":0,"minecraft:oak_planks":200,"rftoolsbase:machine_frame":1,"ironfurnaces:gold_furnace":1,"projecte:alchemical_chest":1,"minecraft:furnace":1,"minecraft:stone":0,"projecte:high_covalence_dust":40,"minecraft:diamond_shovel":1,"minecraft:cooked_mutton":7,"minecraft:diamond_block":2,"minecraft:glass":5,"projecte:aeternalis_fuel":1,"minecraft:dark_oak_fence":21,"minecraft:iron_boots":1,"minecraft:iron_axe":1,"minecraft:iron_hoe":2,"minecraft:stone_pickaxe":1,"minecraft:chest":3,"projecte:transmutation_table":1,"minecraft:bricks":1,"minecraft:dark_oak_planks":332,"minecraft:oak_fence":6,"minecraft:cooked_beef":4,"projecte:dark_matter":1,"projecte:collector_mk2":1,"minecraft:oak_slab":12,"minecraft:diamond_sword":1,"minecraft:cooked_porkchop":24,"minecraft:dark_oak_stairs":76,"minecraft:crafting_table":5,"minecraft:wooden_pickaxe":2,"minecraft:iron_helmet":1,"projecte:philosophers_stone":1,"minecraft:iron_sword":1,"minecraft:cooked_salmon":8,"minecraft:copper_ingot":0,"rftoolsbuilder:builder":1,"minecraft:bucket":1,"minecraft:birch_planks":24,"minecraft:stone_axe":1,"mcwbridges:oak_log_bridge_middle":4,"minecraft:glowstone":16,"projecte:low_covalence_dust":40,"minecraft:air":0,"minecraft:blue_dye":2,"projecte:alchemical_coal":1,"minecraft:oak_boat":3,"minecraft:paper":3,"minecraft:dark_oak_slab":120,"minecraft:iron_chestplate":1,"mcwbridges:dark_oak_log_bridge_middle":40,"minecraft:charcoal":2,"minecraft:diamond_pickaxe":2,"minecraft:gold_nugget":18,"minecraft:stick":36,"minecraft:iron_ingot":48,"minecraft:iron_pickaxe":3,"projecte:medium_covalence_dust":40,"minecraft:stone_sword":1,"minecraft:iron_shovel":1,"minecraft:gold_ingot":0,"minecraft:iron_leggings":1,"minecraft:torch":68,"projecte:collector_mk1":1,"projecte:condenser_mk1":1},"minecraft:broken":{"minecraft:stone_pickaxe":1,"minecraft:iron_pickaxe":3,"minecraft:iron_hoe":2},"minecraft:dropped":{"minecraft:iron_sword":1,"minecraft:oak_slab":7,"minecraft:moss_block":1,"minecraft:glass_bottle":2,"minecraft:diamond":1,"minecraft:golden_horse_armor":1,"minecraft:crafting_table":1,"dynamictrees:dark_oak_seed":8,"minecraft:oak_fence":6,"minecraft:feather":2,"minecraft:cobblestone":21,"minecraft:tropical_fish":3,"minecraft:coal":17,"mcwbridges:oak_log_bridge_middle":2,"minecraft:stick":17,"mcwbridges:dark_oak_log_bridge_middle":1,"minecraft:dirt":1,"minecraft:dark_oak_log":1,"minecraft:dark_oak_fence":1,"minecraft:cooked_salmon":2,"gravestone:obituary":3,"projecte:philosophers_stone":1,"minecraft:bone_meal":2,"minecraft:birch_log":53,"minecraft:white_wool":2,"minecraft:gravel":3,"minecraft:furnace":1,"minecraft:stone_axe":2,"minecraft:sugar_cane":3,"minecraft:stone_sword":2,"minecraft:cobbled_deepslate":131,"minecraft:raw_copper":27,"minecraft:birch_sapling":40,"minecraft:rotten_flesh":5,"minecraft:oak_planks":64,"minecraft:cooked_mutton":2,"minecraft:gunpowder":3,"minecraft:diamond_pickaxe":1,"minecraft:oak_sapling":34,"minecraft:oak_boat":1,"projecte:mobius_fuel":1,"minecraft:spider_eye":1,"minecraft:arrow":3,"minecraft:stone_pickaxe":1,"minecraft:wooden_pickaxe":5},"minecraft:custom":{"minecraft:mob_kills":76,"minecraft:interact_with_crafting_table":89,"minecraft:leave_game":9,"minecraft:time_since_death":14780,"minecraft:climb_one_cm":1612,"minecraft:sprint_one_cm":614665,"minecraft:walk_one_cm":969338,"minecraft:drop":84,"minecraft:play_time":392368,"minecraft:deaths":5,"minecraft:sneak_time":18997,"minecraft:walk_under_water_one_cm":17038,"minecraft:boat_one_cm":227449,"minecraft:jump":5288,"minecraft:walk_on_water_one_cm":27353,"minecraft:total_world_time":392368,"minecraft:interact_with_furnace":96,"minecraft:sleep_in_bed":9,"minecraft:time_since_rest":14840,"minecraft:damage_taken":5189,"minecraft:damage_dealt":11451,"minecraft:swim_one_cm":22697,"minecraft:fly_one_cm":602311,"minecraft:open_chest":100,"minecraft:crouch_one_cm":65934,"minecraft:fall_one_cm":98574}},"DataVersion":3465}