{"stats":{"minecraft:mined":{"minecraft:oak_slab":1,"dynamictrees:dark_oak_sapling":2,"minecraft:dark_oak_log":2,"minecraft:crafting_table":2,"minecraft:torch":5,"gravestone:gravestone":2,"minecraft:grass_block":21,"minecraft:cobblestone":2,"mcwbridges:oak_log_bridge_middle":15,"minecraft:oak_planks":6,"mcwbridges:dark_oak_log_bridge_middle":16,"minecraft:wall_torch":1,"minecraft:large_fern":1,"minecraft:dark_oak_slab":3,"minecraft:furnace":6,"dynamictrees:dark_oak_leaves":4,"minecraft:iron_ore":21,"minecraft:birch_log":46,"minecraft:sweet_berry_bush":14,"minecraft:birch_leaves":8,"dynamictrees:dark_oak_root":9,"dynamictrees:spruce_leaves":2,"minecraft:grass":1,"minecraft:coal_ore":14,"minecraft:oak_log":19,"minecraft:gravel":1,"minecraft:dirt":4,"minecraft:stone":64,"minecraft:oak_leaves":2,"minecraft:fern":2},"minecraft:picked_up":{"minecraft:birch_log":37,"minecraft:crafting_table":3,"minecraft:feather":2,"minecraft:chicken":2,"minecraft:salmon":14,"minecraft:leather":4,"minecraft:wooden_pickaxe":3,"minecraft:oak_log":19,"mcwbridges:dark_oak_log_bridge_middle":15,"minecraft:dirt":25,"minecraft:cooked_mutton":1,"dynamictrees:dark_oak_seed":11,"mcwbridges:oak_log_bridge_middle":13,"minecraft:beef":10,"minecraft:birch_sapling":32,"minecraft:oak_planks":8,"minecraft:furnace":9,"minecraft:raw_iron":21,"minecraft:oak_slab":1,"minecraft:stick":38,"minecraft:dark_oak_slab":3,"minecraft:sweet_berries":34,"minecraft:torch":38,"minecraft:gravel":2,"minecraft:porkchop":12,"minecraft:dark_oak_log":36,"minecraft:arrow":1,"minecraft:rotten_flesh":6,"minecraft:stone_axe":2,"minecraft:beetroot_seeds":3,"minecraft:bone_meal":1,"minecraft:oak_sapling":40,"minecraft:mutton":8,"minecraft:coal":119,"minecraft:white_wool":2,"minecraft:cobblestone":74},"minecraft:killed":{"minecraft:wolf":2,"minecraft:pig":5,"minecraft:salmon":15,"minecraft:sheep":2,"minecraft:skeleton":1,"minecraft:zombie":13,"minecraft:chicken":2,"minecraft:cow":4},"minecraft:used":{"minecraft:cooked_mutton":2,"minecraft:stone_sword":114,"minecraft:stone_pickaxe":94,"minecraft:oak_planks":172,"minecraft:wooden_pickaxe":15,"minecraft:cooked_salmon":10,"minecraft:rotten_flesh":1,"minecraft:torch":16,"minecraft:dirt":30,"minecraft:oak_slab":3,"minecraft:crafting_table":4,"mcwbridges:dark_oak_log_bridge_middle":50,"mcwbridges:oak_log_bridge_middle":15,"minecraft:dark_oak_slab":13,"minecraft:stone_axe":130,"minecraft:cobblestone":29,"minecraft:sweet_berries":26,"minecraft:furnace":6,"minecraft:oak_sapling":1,"minecraft:oak_boat":2,"dynamictrees:dark_oak_seed":3,"minecraft:cooked_beef":4},"minecraft:killed_by":{"minecraft:player":1,"minecraft:skeleton":1,"minecraft:creeper":1},"minecraft:crafted":{"minecraft:cooked_beef":4,"minecraft:oak_planks":200,"minecraft:oak_slab":12,"minecraft:crafting_table":3,"minecraft:wooden_pickaxe":2,"minecraft:furnace":1,"minecraft:cooked_salmon":8,"minecraft:birch_planks":24,"minecraft:stone_axe":1,"mcwbridges:oak_log_bridge_middle":4,"minecraft:cooked_mutton":3,"minecraft:air":0,"minecraft:oak_boat":3,"minecraft:dark_oak_fence":21,"minecraft:dark_oak_slab":120,"mcwbridges:dark_oak_log_bridge_middle":40,"minecraft:charcoal":1,"minecraft:stick":4,"minecraft:iron_ingot":23,"minecraft:stone_pickaxe":1,"minecraft:stone_sword":1,"minecraft:dark_oak_planks":140,"minecraft:oak_fence":6},"minecraft:dropped":{"minecraft:gravel":1,"minecraft:furnace":1,"minecraft:stone_axe":2,"minecraft:sugar_cane":3,"minecraft:stone_sword":1,"minecraft:raw_copper":27,"minecraft:golden_horse_armor":1,"minecraft:crafting_table":1,"minecraft:birch_sapling":20,"minecraft:cobblestone":20,"minecraft:oak_planks":64,"minecraft:cooked_mutton":2,"minecraft:stick":17,"mcwbridges:dark_oak_log_bridge_middle":1,"minecraft:dark_oak_log":1,"minecraft:gunpowder":1,"minecraft:cooked_salmon":2,"minecraft:oak_sapling":34,"minecraft:oak_boat":1,"gravestone:obituary":2,"minecraft:arrow":2,"minecraft:stone_pickaxe":1,"minecraft:wooden_pickaxe":4,"minecraft:birch_log":53,"minecraft:white_wool":2},"minecraft:custom":{"minecraft:interact_with_furnace":28,"minecraft:mob_kills":45,"minecraft:interact_with_crafting_table":12,"minecraft:leave_game":6,"minecraft:time_since_death":61364,"minecraft:sleep_in_bed":1,"minecraft:climb_one_cm":18,"minecraft:time_since_rest":2921,"minecraft:sprint_one_cm":197624,"minecraft:damage_taken":2221,"minecraft:walk_one_cm":285463,"minecraft:drop":51,"minecraft:damage_dealt":4530,"minecraft:swim_one_cm":18714,"minecraft:fly_one_cm":181196,"minecraft:open_chest":2,"minecraft:crouch_one_cm":14563,"minecraft:play_time":130483,"minecraft:deaths":3,"minecraft:sneak_time":4287,"minecraft:walk_under_water_one_cm":10413,"minecraft:boat_one_cm":227449,"minecraft:jump":1689,"minecraft:walk_on_water_one_cm":6995,"minecraft:total_world_time":130483,"minecraft:fall_one_cm":39632}},"DataVersion":3465}