{"stats":{"minecraft:crafted":{"minecraft:brick":0,"rftoolsbuilder:shape_card_quarry":1,"minecraft:oak_planks":200,"mekanism:electrolytic_separator":1,"mekanism:electrolytic_core":1,"projecte:alchemical_chest":1,"mekanism:advanced_energy_cube":1,"minecraft:stone":1,"projecte:high_covalence_dust":40,"minecraft:diamond_shovel":1,"mekanismgenerators:heat_generator":1,"minecraft:cooked_mutton":7,"minecraft:quartz_block":1,"minecraft:glass":5,"minecraft:hopper":3,"rftoolsbuilder:shape_card_def":2,"minecraft:diamond_leggings":1,"minecraft:iron_boots":1,"minecraft:chest":4,"projecte:transmutation_table":1,"minecraft:bricks":1,"mekanism:ingot_steel":0,"minecraft:oak_fence":6,"mekanism:energy_tablet":1,"projecte:dark_matter":1,"mekanism:ingot_tin":5,"rftoolspower:coalgenerator":1,"projecte:collector_mk2":1,"minecraft:oak_slab":12,"minecraft:cooked_porkchop":24,"minecraft:crafting_table":5,"minecraft:wooden_pickaxe":2,"minecraft:iron_helmet":1,"projecte:philosophers_stone":1,"minecraft:copper_ingot":0,"minecraft:birch_planks":40,"mcwbridges:oak_log_bridge_middle":4,"minecraft:diamond_pickaxe":2,"minecraft:dark_oak_slab":120,"minecraft:iron_chestplate":1,"minecraft:paper":3,"minecraft:charcoal":2,"mekanism:steel_casing":1,"minecraft:stick":36,"mekanism:crusher":1,"minecraft:iron_ingot":48,"minecraft:iron_pickaxe":3,"projecte:medium_covalence_dust":40,"minecraft:stone_sword":1,"minecraft:gold_ingot":0,"minecraft:redstone_torch":1,"projecte:collector_mk1":1,"projecte:condenser_mk1":1,"rftoolsbase:machine_frame":1,"mekanismgenerators:wind_generator":1,"ironfurnaces:gold_furnace":1,"minecraft:furnace":4,"mekanism:energized_smelter":1,"mekanism:ingot_uranium":0,"minecraft:diamond_block":2,"projecte:aeternalis_fuel":1,"minecraft:dark_oak_fence":21,"minecraft:iron_axe":1,"minecraft:iron_hoe":2,"minecraft:stone_pickaxe":1,"mekanism:electric_pump":1,"minecraft:dark_oak_planks":332,"minecraft:cooked_beef":4,"minecraft:coal_block":1,"projecte:collector_mk3":1,"rftoolsbase:filter_module":1,"minecraft:diamond_sword":1,"minecraft:dark_oak_stairs":76,"mekanism:metallurgic_infuser":1,"minecraft:iron_sword":1,"rftoolspower:powercell_card":1,"mekanism:basic_infusing_factory":1,"minecraft:cooked_salmon":8,"minecraft:bucket":1,"rftoolsbuilder:builder":1,"minecraft:stone_axe":1,"minecraft:glowstone":16,"projecte:low_covalence_dust":40,"minecraft:air":0,"minecraft:blue_dye":2,"projecte:alchemical_coal":1,"minecraft:oak_boat":3,"mcwbridges:dark_oak_log_bridge_middle":40,"mekanism:basic_energy_cube":1,"minecraft:gold_nugget":18,"minecraft:iron_shovel":1,"minecraft:iron_leggings":1,"mekanism:basic_mechanical_pipe":8,"minecraft:torch":136,"minecraft:diamond_chestplate":1},"minecraft:dropped":{"minecraft:iron_sword":1,"minecraft:moss_block":1,"mekanism:jetpack":1,"mekanism:electric_pump":2,"minecraft:lapis_lazuli":32,"minecraft:glass_bottle":2,"minecraft:diamond":1,"minecraft:crafting_table":1,"minecraft:leather":2,"mekanism:basic_control_circuit":1,"mcwbridges:dark_oak_log_bridge_middle":1,"minecraft:dirt":1,"minecraft:dark_oak_log":1,"mekanism:steel_casing":1,"minecraft:dark_oak_fence":1,"gravestone:obituary":7,"minecraft:bone_meal":2,"projecte:philosophers_stone":1,"minecraft:phantom_membrane":1,"minecraft:birch_log":53,"minecraft:white_wool":2,"mekanismgenerators:wind_generator":1,"minecraft:bone":9,"minecraft:gravel":3,"minecraft:stone_axe":2,"minecraft:sugar_cane":3,"mekanism:dust_gold":2,"minecraft:cobbled_deepslate":290,"minecraft:birch_sapling":40,"minecraft:rotten_flesh":5,"minecraft:oak_planks":64,"minecraft:cooked_mutton":2,"mekanism:alloy_infused":2,"minecraft:gunpowder":3,"mekanism:energy_tablet":1,"minecraft:glowstone":5,"projecte:watch_of_flowing_time":1,"minecraft:arrow":4,"mekanism:dust_steel":1,"minecraft:oak_slab":7,"minecraft:golden_horse_armor":1,"dynamictrees:dark_oak_seed":8,"minecraft:oak_fence":6,"minecraft:feather":4,"minecraft:cobblestone":21,"minecraft:tropical_fish":3,"mcwbridges:oak_log_bridge_middle":2,"minecraft:coal":18,"minecraft:stick":17,"minecraft:lava_bucket":1,"mekanism:enriched_iron":64,"mekanism:dust_osmium":1,"minecraft:cooked_salmon":2,"minecraft:iron_leggings":1,"minecraft:bucket":16,"projecte:red_matter":1,"minecraft:furnace":1,"minecraft:moss_carpet":2,"minecraft:stone_sword":2,"minecraft:raw_copper":27,"minecraft:clay_ball":56,"mekanism:basic_mechanical_pipe":1,"minecraft:pumpkin_seeds":9,"minecraft:diamond_pickaxe":1,"minecraft:oak_boat":1,"minecraft:oak_sapling":34,"projecte:mobius_fuel":1,"minecraft:spider_eye":2,"minecraft:bow":1,"minecraft:stone_pickaxe":1,"minecraft:wooden_pickaxe":5,"minecraft:raw_gold":1,"mekanism:ingot_steel":1},"minecraft:killed_by":{"minecraft:creeper":3,"minecraft:cave_spider":1,"minecraft:player":1,"minecraft:spider":1,"minecraft:enderman":1,"minecraft:skeleton":1},"minecraft:broken":{"minecraft:stone_pickaxe":1,"minecraft:iron_hoe":2,"minecraft:iron_pickaxe":3,"minecraft:iron_helmet":1},"minecraft:custom":{"minecraft:interact_with_crafting_table":143,"minecraft:leave_game":19,"minecraft:time_since_death":293639,"minecraft:sprint_one_cm":1043084,"minecraft:drop":132,"minecraft:play_time":874911,"minecraft:deaths":9,"minecraft:jump":8137,"minecraft:walk_on_water_one_cm":36007,"minecraft:interact_with_furnace":110,"minecraft:sleep_in_bed":17,"minecraft:damage_dealt":16737,"minecraft:crouch_one_cm":88701,"minecraft:mob_kills":130,"minecraft:inspect_hopper":1,"minecraft:climb_one_cm":2288,"minecraft:walk_one_cm":1593576,"minecraft:sneak_time":26269,"minecraft:walk_under_water_one_cm":18968,"minecraft:boat_one_cm":227449,"minecraft:total_world_time":874911,"minecraft:time_since_rest":45267,"minecraft:damage_taken":9501,"minecraft:swim_one_cm":22715,"minecraft:fly_one_cm":992616,"minecraft:open_chest":399,"minecraft:fall_one_cm":163844},"minecraft:used":{"minecraft:beetroot":1,"minecraft:moss_carpet":5,"minecraft:iron_shovel":215,"rftoolspower:coalgenerator":16,"minecraft:chest":8,"projecte:alchemical_chest":1,"minecraft:stone":1,"minecraft:iron_sword":107,"minecraft:rotten_flesh":1,"mekanism:basic_mechanical_pipe":4,"mcwbridges:dark_oak_log_bridge_middle":115,"mekanism:basic_universal_cable":36,"minecraft:tuff":55,"minecraft:obsidian":11,"mekanism:basic_energy_cube":1,"mekanismgenerators:wind_generator":4,"rftoolsbuilder:shape_card_def":10,"minecraft:dark_oak_slab":26,"minecraft:sweet_berries":50,"pipez:item_pipe":8,"minecraft:oak_sapling":1,"minecraft:furnace":6,"minecraft:beetroot_seeds":279,"rftoolsbuilder:shape_card_quarry":16,"minecraft:dark_oak_stairs":43,"minecraft:oak_planks":172,"minecraft:stone_pickaxe":163,"minecraft:blackstone":10,"minecraft:wooden_pickaxe":15,"mekanism:basic_infusing_factory":1,"rftoolsbuilder:builder":6,"mekanism:advanced_energy_cube":2,"projecte:transmutation_table":2,"mekanism:crusher":1,"mekanism:metallurgic_infuser":3,"projecte:relay_mk3":1,"minecraft:diamond_sword":133,"minecraft:andesite":1,"minecraft:oak_boat":2,"minecraft:bone_meal":5,"mekanism:jetpack":3,"ironfurnaces:gold_furnace":1,"minecraft:stone_sword":114,"minecraft:redstone":2,"minecraft:cooked_salmon":10,"minecraft:netherrack":11,"minecraft:torch":181,"minecraft:dirt":224,"minecraft:hopper":1,"minecraft:granite":9,"minecraft:iron_hoe":500,"minecraft:dark_oak_planks":70,"mcwbridges:oak_log_bridge_middle":15,"minecraft:iron_axe":24,"mekanismgenerators:heat_generator":2,"minecraft:basalt":52,"minecraft:glowstone":54,"projecte:collector_mk3":4,"minecraft:cooked_beef":4,"dynamictrees:dark_oak_seed":3,"mekanism:electrolytic_separator":2,"minecraft:cobbled_deepslate":284,"minecraft:cooked_mutton":79,"minecraft:water_bucket":29,"mekanism:electric_pump":1,"minecraft:oak_slab":3,"minecraft:crafting_table":6,"projecte:collector_mk2":14,"minecraft:diamond_pickaxe":704,"minecraft:chicken":1,"minecraft:iron_pickaxe":755,"mekanism:energized_smelter":2,"projecte:collector_mk1":1,"minecraft:stone_axe":144,"pipez:universal_pipe":5,"minecraft:cobblestone":415,"minecraft:cooked_porkchop":13,"minecraft:bucket":31,"pipez:energy_pipe":2,"projecte:condenser_mk1":6,"minecraft:diamond_leggings":1},"minecraft:mined":{"minecraft:dark_oak_planks":9,"minecraft:farmland":3,"mekanism:energized_smelter":1,"mekanism:electrolytic_separator":1,"minecraft:obsidian":13,"minecraft:cave_vines_plant":2,"minecraft:granite":2,"minecraft:grass_block":103,"minecraft:soul_soil":18,"projecte:condenser_mk1":5,"minecraft:magma_block":1,"minecraft:glowstone":25,"minecraft:iron_ore":91,"minecraft:cobbled_deepslate":4,"minecraft:moss_carpet":2,"minecraft:deepslate_lapis_ore":3,"minecraft:dark_oak_stairs":2,"minecraft:cave_vines":2,"projecte:collector_mk1":1,"minecraft:deepslate_redstone_ore":17,"mekanism:osmium_ore":2,"minecraft:blackstone":11,"pipez:energy_pipe":3,"ironfurnaces:iron_furnace":1,"minecraft:clay":20,"minecraft:torch":17,"minecraft:chest":6,"minecraft:nether_quartz_ore":12,"minecraft:cobblestone":52,"projecte:collector_mk2":11,"mcwbridges:dark_oak_log_bridge_middle":26,"minecraft:sugar_cane":5,"minecraft:oak_planks":6,"minecraft:wall_torch":15,"minecraft:deepslate_copper_ore":2,"rftoolsbase:dimensionalshard_overworld":10,"minecraft:dark_oak_slab":7,"projecte:collector_mk3":2,"mekanism:fluorite_ore":1,"minecraft:birch_log":46,"minecraft:wheat":1,"minecraft:grass":4,"mekanism:deepslate_tin_ore":4,"minecraft:oak_log":19,"minecraft:beetroots":55,"mekanism:lead_ore":3,"minecraft:sand":4,"minecraft:dirt":160,"mekanism:basic_universal_cable":22,"minecraft:netherrack":64,"minecraft:oak_leaves":2,"minecraft:deepslate":398,"minecraft:tuff":58,"dynamictrees:dark_oak_sapling":2,"minecraft:deepslate_diamond_ore":23,"minecraft:dark_oak_log":2,"rftoolsbuilder:builder":5,"mekanism:deepslate_osmium_ore":7,"mekanismgenerators:heat_generator":1,"gravestone:gravestone":7,"minecraft:redstone_wire":1,"minecraft:moss_block":1,"minecraft:large_fern":1,"minecraft:furnace":7,"dynamictrees:dark_oak_leaves":4,"projecte:alchemical_chest":1,"minecraft:andesite":14,"dynamictrees:dark_oak_root":10,"dynamictrees:spruce_leaves":2,"rftoolspower:coalgenerator":12,"minecraft:deepslate_iron_ore":14,"minecraft:stone":431,"projecte:relay_mk3":1,"mekanism:deepslate_lead_ore":1,"minecraft:oak_slab":1,"mekanism:crusher":1,"minecraft:flowering_azalea":1,"minecraft:soul_sand":12,"mekanism:basic_energy_cube":1,"minecraft:basalt":114,"pipez:item_pipe":6,"minecraft:crafting_table":2,"minecraft:copper_ore":2,"minecraft:tall_grass":1,"minecraft:deepslate_gold_ore":8,"minecraft:lapis_ore":6,"mcwbridges:oak_log_bridge_middle":15,"mekanism:metallurgic_infuser":3,"minecraft:diorite":4,"projecte:transmutation_table":1,"pipez:universal_pipe":11,"minecraft:sweet_berry_bush":14,"minecraft:birch_leaves":8,"minecraft:coal_ore":53,"minecraft:gravel":12,"mekanism:deepslate_fluorite_ore":6,"mekanism:deepslate_uranium_ore":7,"mekanism:electric_pump":1,"minecraft:fern":2},"minecraft:killed":{"minecraft:witch":2,"minecraft:spider":2,"minecraft:skeleton":10,"minecraft:chicken":3,"minecraft:wolf":2,"minecraft:magma_cube":27,"minecraft:pig":5,"minecraft:salmon":15,"minecraft:creeper":1,"minecraft:sheep":2,"minecraft:zombie":41,"minecraft:ghast":2,"minecraft:blaze":1,"minecraft:cow":4,"minecraft:phantom":8,"minecraft:enderman":1},"minecraft:picked_up":{"minecraft:wheat":1,"mekanism:electrolytic_separator":1,"mekanism:raw_uranium":7,"projecte:alchemical_chest":1,"projecte:condenser_mk1":6,"minecraft:enchanted_book":6,"mcwbridges:dark_oak_log_bridge_middle":24,"minecraft:soul_soil":18,"mekanismgenerators:heat_generator":1,"minecraft:raw_copper":9,"projecte:aeternalis_fuel":8,"pipez:energy_pipe":4,"minecraft:beetroot":53,"minecraft:cobbled_deepslate":1782,"dynamictrees:dark_oak_seed":28,"mcwbridges:oak_log_bridge_middle":13,"mekanism:basic_universal_cable":23,"minecraft:iron_pickaxe":1,"minecraft:furnace":10,"minecraft:stick":58,"minecraft:oak_fence":2,"minecraft:torch":64,"projecte:dark_matter":1,"minecraft:porkchop":12,"projecte:red_matter":1,"mekanism:raw_tin":5,"projecte:watch_of_flowing_time":1,"minecraft:rotten_flesh":28,"minecraft:tropical_fish":11,"mekanism:ingot_osmium":5,"minecraft:blaze_rod":1,"minecraft:obsidian":16,"minecraft:cobblestone":431,"minecraft:birch_log":44,"minecraft:magma_block":1,"minecraft:feather":6,"minecraft:magma_cream":1,"minecraft:andesite":201,"minecraft:tuff":210,"rftoolsbuilder:builder":5,"minecraft:lapis_lazuli":67,"minecraft:dirt":222,"projecte:collector_mk3":2,"minecraft:glass":19,"minecraft:bone":11,"pipez:fluid_pipe":1,"minecraft:bow":2,"minecraft:wheat_seeds":5,"minecraft:raw_gold":14,"minecraft:glowstone_dust":106,"minecraft:moss_block":1,"minecraft:oak_planks":8,"ironfurnaces:iron_furnace":1,"minecraft:ghast_tear":1,"mekanism:metallurgic_infuser":3,"minecraft:sand":4,"minecraft:dark_oak_log":84,"minecraft:sugar":2,"minecraft:diamond":23,"minecraft:granite":11,"minecraft:bone_meal":2,"projecte:transmutation_table":1,"minecraft:oak_sapling":40,"minecraft:netherrack":59,"minecraft:diamond_pickaxe":1,"minecraft:crafting_table":3,"minecraft:chicken":3,"minecraft:clay_ball":120,"minecraft:wooden_pickaxe":3,"minecraft:gold_block":1,"projecte:relay_mk3":1,"minecraft:moss_carpet":9,"mekanism:energized_smelter":1,"minecraft:blackstone":10,"minecraft:beef":10,"mekanism:dust_gold":1,"minecraft:sugar_cane":9,"minecraft:chest":5,"minecraft:birch_sapling":32,"minecraft:phantom_membrane":7,"minecraft:egg":1,"minecraft:raw_iron":105,"minecraft:stone":147,"mekanism:jetpack":1,"pipez:item_pipe":7,"mekanism:basic_energy_cube":1,"minecraft:redstone":146,"minecraft:dark_oak_planks":9,"minecraft:arrow":5,"projecte:collector_mk2":13,"minecraft:beetroot_seeds":131,"minecraft:gold_ingot":24,"mekanism:ingot_lead":1,"minecraft:mutton":8,"minecraft:white_wool":2,"mekanism:electric_pump":1,"minecraft:basalt":104,"mekanism:raw_lead":3,"minecraft:salmon":14,"rftoolspower:coalgenerator":12,"minecraft:leather":6,"minecraft:oak_log":19,"minecraft:gunpowder":5,"pipez:universal_pipe":20,"minecraft:cooked_mutton":9,"rftoolsbase:dimensionalshard":55,"minecraft:iron_ingot":8,"minecraft:glass_bottle":4,"minecraft:soul_sand":17,"minecraft:dark_oak_stairs":2,"minecraft:oak_slab":1,"minecraft:dark_oak_slab":7,"minecraft:sweet_berries":34,"minecraft:quartz":12,"projecte:mobius_fuel":4,"minecraft:gravel":23,"projecte:collector_mk1":1,"mekanism:raw_osmium":9,"minecraft:spider_eye":2,"minecraft:pumpkin_seeds":18,"minecraft:stone_axe":2,"mekanism:fluorite_gem":20,"minecraft:coal":170,"minecraft:ender_pearl":1}},"DataVersion":3465}