{"stats":{"minecraft:mined":{"minecraft:tuff":56,"dynamictrees:dark_oak_sapling":2,"minecraft:deepslate_diamond_ore":5,"minecraft:dark_oak_log":2,"minecraft:cave_vines_plant":2,"gravestone:gravestone":3,"minecraft:grass_block":23,"minecraft:moss_block":1,"minecraft:large_fern":1,"minecraft:magma_block":1,"minecraft:furnace":6,"dynamictrees:dark_oak_leaves":4,"minecraft:iron_ore":78,"minecraft:andesite":7,"dynamictrees:dark_oak_root":9,"dynamictrees:spruce_leaves":2,"minecraft:cave_vines":2,"minecraft:deepslate_iron_ore":6,"minecraft:stone":279,"minecraft:oak_slab":1,"minecraft:flowering_azalea":1,"minecraft:crafting_table":2,"minecraft:clay":6,"minecraft:torch":6,"minecraft:chest":1,"minecraft:copper_ore":2,"minecraft:cobblestone":4,"minecraft:deepslate_gold_ore":6,"mcwbridges:dark_oak_log_bridge_middle":24,"minecraft:lapis_ore":1,"minecraft:oak_planks":6,"mcwbridges:oak_log_bridge_middle":15,"minecraft:diorite":4,"minecraft:wall_torch":4,"rftoolsbase:dimensionalshard_overworld":2,"minecraft:dark_oak_slab":7,"minecraft:birch_log":46,"minecraft:sweet_berry_bush":14,"minecraft:birch_leaves":8,"minecraft:grass":2,"minecraft:oak_log":19,"minecraft:coal_ore":52,"minecraft:gravel":1,"minecraft:dirt":15,"minecraft:oak_leaves":2,"minecraft:deepslate":301,"minecraft:fern":2},"minecraft:picked_up":{"minecraft:crafting_table":3,"minecraft:chicken":2,"minecraft:wooden_pickaxe":3,"mcwbridges:dark_oak_log_bridge_middle":23,"minecraft:moss_carpet":5,"dynamictrees:dark_oak_seed":11,"minecraft:cobbled_deepslate":326,"mcwbridges:oak_log_bridge_middle":13,"minecraft:beef":10,"minecraft:iron_pickaxe":1,"minecraft:chest":1,"minecraft:birch_sapling":32,"minecraft:furnace":9,"minecraft:stick":38,"minecraft:raw_iron":84,"minecraft:torch":43,"minecraft:porkchop":12,"minecraft:arrow":1,"minecraft:rotten_flesh":6,"minecraft:tropical_fish":3,"minecraft:beetroot_seeds":3,"minecraft:mutton":8,"minecraft:white_wool":2,"minecraft:cobblestone":255,"minecraft:birch_log":37,"minecraft:magma_block":1,"minecraft:feather":4,"minecraft:andesite":1,"minecraft:salmon":14,"minecraft:leather":4,"minecraft:tuff":55,"minecraft:oak_log":19,"minecraft:lapis_lazuli":8,"minecraft:dirt":38,"minecraft:cooked_mutton":1,"rftoolsbase:dimensionalshard":17,"minecraft:raw_gold":6,"minecraft:moss_block":1,"minecraft:oak_planks":8,"minecraft:oak_slab":1,"minecraft:dark_oak_slab":7,"minecraft:sweet_berries":34,"minecraft:gravel":2,"minecraft:dark_oak_log":36,"minecraft:diamond":5,"minecraft:stone_axe":2,"minecraft:bone_meal":1,"minecraft:oak_sapling":40,"minecraft:coal":154},"minecraft:killed":{"minecraft:skeleton":1,"minecraft:chicken":2,"minecraft:wolf":2,"minecraft:pig":5,"minecraft:salmon":15,"minecraft:sheep":2,"minecraft:zombie":14,"minecraft:cow":4},"minecraft:used":{"minecraft:moss_carpet":5,"minecraft:stone_sword":114,"minecraft:chest":3,"minecraft:iron_sword":5,"minecraft:cooked_salmon":10,"minecraft:rotten_flesh":1,"minecraft:torch":61,"minecraft:dirt":45,"mcwbridges:dark_oak_log_bridge_middle":50,"minecraft:tuff":55,"mcwbridges:oak_log_bridge_middle":15,"minecraft:dark_oak_slab":17,"minecraft:sweet_berries":26,"minecraft:oak_sapling":1,"minecraft:furnace":6,"dynamictrees:dark_oak_seed":3,"minecraft:cooked_beef":4,"minecraft:cooked_mutton":2,"minecraft:stone_pickaxe":163,"minecraft:oak_planks":172,"minecraft:wooden_pickaxe":15,"minecraft:oak_slab":3,"minecraft:crafting_table":4,"minecraft:iron_pickaxe":655,"minecraft:stone_axe":144,"minecraft:cobblestone":208,"minecraft:cooked_porkchop":4,"minecraft:andesite":1,"minecraft:oak_boat":2},"minecraft:killed_by":{"minecraft:player":1,"minecraft:creeper":1,"minecraft:skeleton":1},"minecraft:crafted":{"minecraft:oak_planks":200,"minecraft:furnace":1,"minecraft:cooked_mutton":3,"minecraft:dark_oak_fence":21,"minecraft:stone_pickaxe":1,"minecraft:chest":2,"minecraft:dark_oak_planks":140,"minecraft:oak_fence":6,"minecraft:cooked_beef":4,"minecraft:oak_slab":12,"minecraft:cooked_porkchop":24,"minecraft:crafting_table":3,"minecraft:wooden_pickaxe":2,"minecraft:iron_sword":1,"minecraft:cooked_salmon":8,"minecraft:birch_planks":24,"minecraft:stone_axe":1,"mcwbridges:oak_log_bridge_middle":4,"minecraft:air":0,"minecraft:oak_boat":3,"minecraft:dark_oak_slab":120,"minecraft:iron_chestplate":1,"mcwbridges:dark_oak_log_bridge_middle":40,"minecraft:charcoal":1,"minecraft:stick":12,"minecraft:iron_ingot":23,"minecraft:iron_pickaxe":3,"minecraft:stone_sword":1},"minecraft:broken":{"minecraft:stone_pickaxe":1,"minecraft:iron_pickaxe":2},"minecraft:dropped":{"minecraft:moss_block":1,"minecraft:golden_horse_armor":1,"minecraft:crafting_table":1,"minecraft:oak_fence":2,"minecraft:feather":2,"minecraft:cobblestone":21,"minecraft:tropical_fish":1,"minecraft:stick":17,"minecraft:dirt":1,"mcwbridges:dark_oak_log_bridge_middle":1,"minecraft:dark_oak_log":1,"minecraft:cooked_salmon":2,"gravestone:obituary":3,"minecraft:bone_meal":2,"minecraft:birch_log":53,"minecraft:white_wool":2,"minecraft:gravel":1,"minecraft:furnace":1,"minecraft:stone_axe":2,"minecraft:sugar_cane":3,"minecraft:cobbled_deepslate":3,"minecraft:stone_sword":2,"minecraft:raw_copper":27,"minecraft:birch_sapling":40,"minecraft:rotten_flesh":5,"minecraft:oak_planks":64,"minecraft:cooked_mutton":2,"minecraft:gunpowder":1,"minecraft:oak_boat":1,"minecraft:oak_sapling":34,"minecraft:arrow":3,"minecraft:wooden_pickaxe":5,"minecraft:stone_pickaxe":1},"minecraft:custom":{"minecraft:mob_kills":47,"minecraft:interact_with_crafting_table":18,"minecraft:leave_game":6,"minecraft:time_since_death":34654,"minecraft:climb_one_cm":1066,"minecraft:sprint_one_cm":243879,"minecraft:walk_one_cm":406428,"minecraft:drop":65,"minecraft:play_time":178483,"minecraft:deaths":4,"minecraft:sneak_time":10585,"minecraft:walk_under_water_one_cm":16791,"minecraft:boat_one_cm":227449,"minecraft:jump":2178,"minecraft:walk_on_water_one_cm":16652,"minecraft:total_world_time":178483,"minecraft:interact_with_furnace":36,"minecraft:sleep_in_bed":2,"minecraft:time_since_rest":34683,"minecraft:damage_taken":2626,"minecraft:damage_dealt":4790,"minecraft:swim_one_cm":22697,"minecraft:fly_one_cm":220416,"minecraft:open_chest":11,"minecraft:crouch_one_cm":30855,"minecraft:fall_one_cm":48975}},"DataVersion":3465}